"","Gene","CcSP_neg.lfc","CcDN_neg.lfc","CcDP_neg.lfc","BeadSP_neg.lfc","BeadDN_neg.lfc","BeadDP_neg.lfc"
"1","NT_63",-6.9318,-7.4771,-7.0236,1.2937,1.3275,0.91792
"2","RGS2",-4.6976,-2.2991,-6.8648,-0.0022791,0.41333,0.0003876
"3","ARSB",-4.2051,0.16514,-4.9249,-0.39793,-0.046227,-0.50449
"4","PFDN5",-3.8833,-3.7497,-6.9532,-0.84902,-0.64475,-0.81868
"5","CORO1A",0.13187,0.22498,4.4176,-0.91602,-0.96443,-0.73419
"6","MYC",-2.2745,-2.2559,-3.7654,-0.94314,-1.5669,-0.86305
"7","SLC5A5",-3.8311,-3.7379,-0.36204,-0.68706,0.25113,-0.47754
"8","PYHIN1",-3.2655,-1.1563,0.25274,0.032839,-0.025817,0.36264
"9","ZNF574",-3.0906,-2.6906,-3.3249,-0.1531,-0.057561,-0.82651
"10","PTK2",-2.5056,-0.86996,-3.0119,0.0031348,-0.38626,0.18072
"11","CABIN1",-3.9177,-1.8613,-3.8942,-0.22174,-0.50397,-0.73071
"12","CCDC112",0.58669,-0.10887,-0.033497,0.20389,0.28244,-0.21179
"13","DOK2",-2.6922,-2.8497,-4.6761,-0.51983,-0.44869,-0.50211
"14","CCL5",-2.2118,0.029704,-5.9862,-0.39517,-0.16439,-0.42172
"15","NPTN",-0.010723,0.85593,2.382,-0.88915,0.085623,0.1384
"16","ENPEP",-3.5328,-0.62161,-2.6806,0.30888,0.66724,-0.35416
"17","PLCG1",-3.7919,-2.2707,-6.822,-0.50034,-0.080683,0.6027
"18","TGFBR1",-2.8319,-1.7445,-4.2645,-0.15581,0.23221,0.23543
"19","MED30",-3.3719,-1.778,-2.1643,-0.61737,-0.75829,0.13667
"20","ITGA2B",-2.115,-1.9498,-3.5788,0.37575,-0.37209,-0.58137
"21","NFKB2",-3.2294,-1.4436,-2.2372,0.088464,0.080295,0.26307
"22","PLET1",-1.5269,-2.6402,-1.1754,0.16316,-0.067611,0.23857
"23","RHOC",-0.31176,-1.2645,-5.9784,-0.66529,-0.23683,-0.91866
"24","MELTF",-3.2233,-4.6294,-1.2308,-0.11555,-0.02793,-0.061796
"25","GNB2L1",-2.5073,-0.8604,-4.9147,-1.3231,-0.60467,-0.40989
"26","DAO",-0.34437,-0.64313,-3.305,0.026432,-0.26119,-0.60262
"27","CX3CL1",-1.4976,-0.64781,-6.9473,0.33145,0.15201,0.68571
"28","SMPD3",-1.7791,-2.0449,-3.6822,-0.26917,-0.35747,0.15481
"29","CD160",-1.9586,-0.024639,-1.1316,-0.2484,-0.37132,-0.25417
"30","BPNT2",-1.6069,-1.7931,-2.0334,-0.04488,0.48024,0.40302
"31","PSMB5",-2.5913,-1.6165,-5.1367,0.0096734,-0.23962,0.77629
"32","TERC",-2.4823,-2.2087,-2.5657,-0.54467,-0.47792,-1.2977
"33","C16orf93",-2.6966,-2.6274,-6.853,-0.90597,-0.80994,-0.33786
"34","IL15",-1.4839,-0.80669,-2.964,0.74462,0.068204,0.38604
"35","ITGAX",-0.77225,-0.75182,-0.27726,-0.023465,-0.15001,0.21385
"36","DNM1",-3.1308,-2.3335,-3.7005,0.33072,0.50549,0.77439
"37","NTRK1",-2.0968,-1.7422,-0.45402,-0.51392,0.53764,0.24947
"38","GGTLC2",-2.5868,-2.0653,-4.1407,-0.49273,-0.0023268,0.10319
"39","ENG",-2.8013,-1.2155,-1.1085,-0.18024,0.066522,-0.63036
"40","CD63",-2.5128,-2.1684,-3.1929,0.13586,0.5148,-0.2301
"41","SPI1",-2.2245,-1.5821,-0.039136,-0.56375,-0.60316,0.24052
"42","BACE1",-2.674,-0.47698,-2.1851,-0.12297,-0.031101,-0.17598
"43","PSMD4",-1.1844,-0.69279,-0.99179,-0.40534,0.057106,0.076245
"44","EPHA1",-2.6914,-1.8232,-0.86334,-0.58126,-0.062605,-0.3864
"45","TSPAN13",-0.79031,-1.3377,-0.31319,0.42203,0.083622,-0.053638
"46","TRAF3IP2",-2.3302,-1.1587,0.044955,0.033517,0.084298,-0.31673
"47","PTMS",-2.8748,-2.1976,-3.9844,-0.66929,-0.41653,-0.5524
"48","EEF2",-1.409,-1.8182,0.8962,-0.77566,-1.0967,-1.8523
"49","CHST7",-0.083605,-0.59484,-4.3595,0.48286,0.019971,0.69865
"50","RIPK1",-2.43,-1.8557,-1.8532,-0.48385,-0.29466,0.42057
"51","PSMA4",-1.2269,0.14391,-0.92226,-1.4609,-0.51082,-0.28196
"52","LCK",-1.8772,-2.1544,-1.8594,-0.6833,-0.12919,-0.95014
"53","CSF1",0.087892,0.46945,2.0068,0.011376,-0.51927,-0.18588
"54","MEN1",-2.4608,-2.7675,-6.8741,-1.6965,-0.85229,-1.4879
"55","CASD1",-0.80483,0.77088,-0.2048,-0.15847,0.12878,-0.4705
"56","FURIN",-1.2682,0.27845,-1.3281,-0.5003,0.25653,-0.50534
"57","WNT1",-2.1045,-4.6875,-2.7445,-0.49706,-0.36871,-0.88792
"58","PSMD11",-2.7943,-3.7838,-2.8731,-0.34192,-0.0069992,-0.41894
"59","WNT5A",-2.5672,-0.040249,-2.7066,0.26159,-0.23883,0.44963
"60","TSPAN31",0.066712,-1.356,-0.69445,-0.50564,-0.067356,-0.22124
"61","SLC34A1",-1.7936,-4.0277,-0.44425,0.38927,-0.053759,-0.48294
"62","NE_97",-5.0686,-7.285,-2.6054,-0.32713,-0.38979,-0.58358
"63","PLVAP",-2.2585,-1.7229,-1.2445,-0.29795,-0.52478,-0.70601
"64","PSMD7",-2.43,-2.1675,-2.9671,-0.02642,-0.49271,-0.20058
"65","RGMA",-2.2738,-0.022744,-2.8793,-0.77053,-0.054609,-0.82864
"66","MYBL2",-2.0117,-2.5815,-2.8812,-0.62002,-0.41223,0.36193
"67","RACGAP1",-1.8342,-0.42218,-3.055,-0.29637,-0.30072,-0.11009
"68","RUNX1",-1.4409,-1.0011,-2.3083,-1.2286,-0.81916,-0.29661
"69","CXCL12",1.8343,1.7009,0.5667,0.02658,-0.29008,0.46136
"70","TSPAN33",-1.757,-0.72929,-4.299,-0.08662,-0.65407,0.48637
"71","ATP5IF1",-2.2538,-3.0795,-2.3004,-0.64101,-0.51072,-0.71088
"72","KCNC1",-2.1408,-1.1149,-2.5006,0.15244,0.10718,0.095205
"73","ASXL1",-2.5896,-1.5795,-2.6499,-0.38491,-0.39936,-0.73601
"74","RDX",-2.301,-1.0049,-4.1877,-0.29749,-0.76491,-0.24089
"75","ACE2",-0.31972,-1.4588,-0.9606,-0.035512,0.16848,0.64265
"76","PSMB3",-2.7702,-2.4198,-3.4796,-0.19297,0.17857,-0.2742
"77","ZEB1",-2.3582,-2.1633,-2.2745,0.09962,0.54839,0.13636
"78","CCR6",-1.1958,-0.61756,-3.3791,-0.54335,0.20759,-0.30568
"79","HRAS",-2.6961,-2.4023,-5.0956,0.1463,0.14718,-0.18981
"80","NT_33",-4.778,0.0099138,-0.48069,-0.35151,0.81545,-0.19885
"81","SLC18B1",-0.91197,-2.6053,-1.9379,-0.13733,0.15471,-1.3229
"82","TNFRSF13B",-2.8191,-2.372,-2.6753,0.1408,-0.066083,0.14523
"83","SOCS1",-0.42537,-0.66892,-0.90106,0.0070911,-0.1777,0.29659
"84","GPR35",-2.2767,-2.2107,-4.2337,0.17924,0.087812,-0.35099
"85","FES",-1.7116,-3.1063,0.019665,0.24223,-0.24665,0.2116
"86","HILPDA",-2.0348,-0.14467,-3.0037,-0.1243,0.26928,-0.34525
"87","XBP1",-1.8346,-0.81657,-3.4391,-0.12139,0.36527,0.00099806
"88","MED11",-2.6397,-3.3731,-1.1449,-0.79743,0.010063,0.5528
"89","TMEM102",-2.0445,-2.5339,-4.3589,-0.028711,-0.19976,-0.50515
"90","GATA3",-2.0795,-0.62995,-2.2912,-0.50317,-0.51392,-0.6163
"91","IQCD",-0.75273,-2.5239,-0.97679,-0.40523,-0.064721,0.31656
"92","NE_71",-4.7771,-4.1691,-2.9974,-0.099538,-1.1776,0.1902
"93","GTF3A",-1.7538,-0.76573,1.0884,-0.1089,-0.43673,-0.93964
"94","HMMR",-1.9797,-0.089097,-1.7284,0.47371,0.54707,-0.04809
"95","ANLN",-2.2562,-2.16,-2.855,-0.22378,0.081285,-0.11168
"96","DGCR2",-0.32752,-0.60978,-5.1819,0.23907,0.21678,0.80701
"97","HDAC1",-2.1198,-0.16931,-1.6717,-0.18889,-0.057467,-0.20043
"98","IGSF5",-1.4784,-1.5914,-1.4467,-0.26375,0.12026,-0.14204
"99","STIMATE",1.313,0.73355,3.6057,-0.18667,0.066681,0.18858
"100","UBA52",-0.88461,-0.74237,-1.0506,-0.61542,-0.11442,-0.68431
"101","RARA",-1.6939,-3.545,-1.7525,-0.20791,0.36583,-1.5834
"102","LILRB4",-0.46325,-0.81152,-0.77205,0.10457,0.87693,0.52865
"103","CRELD2",-2.2839,0.95324,-2.175,-0.37007,-0.15974,-0.76673
"104","CPD",-2.2459,-1.6317,-1.6544,-0.66998,-0.34499,0.18126
"105","AFF3",-1.0315,-1.9219,-1.4185,0.34707,-0.0076342,-0.12438
"106","PSMB1",-1.462,-1.0651,-1.7388,-0.24331,-0.31198,-0.48309
"107","CTSV",-1.9941,-0.68426,-2.8304,0.12532,0.28975,-0.31711
"108","SRPX2",-1.3777,-0.51974,-1.5618,0.52607,0.46879,0.16798
"109","LY6K",-0.8773,0.40446,-3.9071,-0.47437,0.03691,0.19906
"110","APP",-0.60228,-0.065319,-1.4278,0.38234,0.092948,-0.094376
"111","ARSA",0.19657,-0.60514,-2.1088,-0.2976,-0.090016,-0.084251
"112","MAP3K5",-0.61477,-1.9739,0.33046,-0.050559,0.058687,0.64193
"113","AXL",-0.78524,0.10811,0.18118,0.028653,0.30761,0.078752
"114","HSPA2",-0.64599,-1.6858,-0.87442,0.22581,-0.066137,-0.45537
"115","ECM1",-1.5797,0.57076,0.24782,-0.0038615,0.35611,-0.22868
"116","STIM1",-1.7797,0.18791,-1.8894,0.13022,-0.17824,-0.45808
"117","SFRP1",-1.6632,-0.55385,-1.6852,-0.16234,-0.15058,-0.024892
"118","MCAM",-1.2529,-0.10576,-3.8396,-0.56578,-0.42485,-0.41966
"119","ATP1B3",-1.5035,-1.5936,-0.88126,-0.42113,-0.6983,-0.12538
"120","PSMD14",-2.1779,-2.277,-1.8676,-0.29519,-0.62861,-0.73578
"121","HERPUD1",-0.65715,-0.96075,-1.3447,-0.35218,0.076111,-0.60342
"122","BIRC5",-2.0915,-0.7163,-3.33,-0.080896,0.24164,-0.88106
"123","TF",-2.2209,-0.83653,-3.7909,-0.46705,-0.65885,-0.73861
"124","HRK",-2.3493,-1.0234,-6.028,-0.23344,-0.77056,-0.37613
"125","EIF4A2",-1.2811,-1.5732,-1.2297,-0.37522,-0.72065,0.35429
"126","LTA",-2.0644,-0.93923,-2.1084,0.28355,0.29445,0.4546
"127","FYB",-2.2206,-1.5139,-2.5522,-1.0294,-0.38545,-0.49319
"128","RPS6KB1",-1.9572,-2.1464,-4.5705,-0.016885,-0.022492,0.10569
"129","TAP2",-0.64813,0.39088,-1.166,-0.071605,0.14746,0.26686
"130","IL13RA1",-1.9005,0.12883,-0.054414,-0.35747,-0.30012,-0.66861
"131","PNPLA6",-0.7654,-0.086551,1.3361,-0.22686,-0.195,-0.3565
"132","SUN2",-2.3334,-1.1925,-1.6632,-1.1359,-0.50018,-0.96402
"133","PLEKHO1",-0.76329,-0.0017165,0.88894,-0.761,-0.35969,-0.15703
"134","STAT2",-0.62538,-1.681,-2.5382,-1.0183,-0.5439,-0.86847
"135","DYX1C1",-2.1945,-2.1312,-2.1275,0.53825,0.98385,0.23632
"136","NAGA",-2.3326,-0.41688,-2.4231,0.26305,-0.072704,-0.4003
"137","C7orf50",-0.47626,0.17568,1.3123,-0.12517,0.30596,0.012549
"138","SEMA4B",-1.1049,-1.4578,-1.2402,-0.89845,-0.31814,-0.55066
"139","SCUBE1",-1.832,-0.53989,-3.4734,-0.2154,0.33364,-0.025544
"140","CST7",-1.5196,-1.4446,-3.6364,0.23885,0.055661,-0.28566
"141","MED12",-1.4597,-2.5452,-2.6077,-0.27541,0.66042,-1.081
"142","PPFIA4",-0.76547,-3.3257,-2.7932,-0.18054,-0.33048,-0.41832
"143","ADGRA2",-1.8546,-1.4123,-4.6197,-0.13995,-0.36955,-0.58238
"144","CACNA2D2",-0.54946,-0.48889,-1.0544,0.53063,-0.033497,0.30386
"145","ANXA4",-1.2362,-0.0947,-2.9634,-0.16042,-0.3235,-0.073448
"146","SLC4A7",-0.49202,0.16492,0.8433,-0.25874,-0.059167,0.39451
"147","FYN",-1.6302,-1.2951,-1.2092,0.36305,0.28298,0.5567
"148","STK4",0.49146,-1.7464,-1.9391,0.4231,0.22984,-0.55775
"149","PSMA3",-1.7472,-2.0145,-2.0861,-0.48981,0.41786,-0.56206
"150","CISH",-1.3638,-0.17962,2.1445,0.068066,0.53959,-0.1723
"151","RAB27A",-0.97992,-1.8395,-1.5266,0.29796,0.42927,0.31809
"152","SPAM1",-0.32215,-0.37899,-1.1022,0.61858,0.15609,0.46322
"153","FTH1",-0.89901,-2.0846,-1.1159,-0.38517,-0.082508,-0.74571
"154","PLTP",-0.70175,-0.54928,0.52593,-0.12019,-0.099897,0.062364
"155","LIPG",-1.2028,-1.1965,-0.35798,-0.04642,-0.31307,0.037774
"156","TAOK3",-1.7785,-0.50251,-2.8511,-0.11031,0.13813,-0.32434
"157","EZH2",-1.5763,-1.3988,-1.6052,-0.74153,-0.68582,0.72739
"158","OR2A4",-0.58349,-0.29535,-0.34084,-0.34815,-0.25731,-0.31632
"159","GREM1",-1.1738,-2.0033,-1.0696,0.054454,0.48673,-0.16816
"160","MAPK3",-0.31465,-0.1621,0.33764,-0.13211,-0.22314,-0.36905
"161","ITGAL",-0.051171,-0.50611,1.8133,-0.59984,-0.75195,-0.39841
"162","TAF7",-1.1569,-0.060835,0.68497,0.24524,0.15442,0.17706
"163","ADAMTS7",-1.7701,-1.3446,-5.3898,0.61088,0.30292,0.72058
"164","CMKLR1",-0.046508,-0.7975,-0.95554,0.15946,0.50128,-0.3049
"165","MAP3K14",-2.0775,-1.3858,-1.0555,-0.19662,-0.43621,0.10731
"166","LTB",-0.65104,0.13266,0.48371,-0.2058,-0.81894,0.11169
"167","STAM2",-0.30333,-0.74714,1.6948,0.63799,-0.42116,-0.25683
"168","MICA",-1.2044,0.65836,-3.1036,-0.12179,-0.032214,-0.2895
"169","GIMAP4",-1.5459,-1.1652,-3.0236,0.12737,-0.029565,0.056679
"170","SUMO4",-1.1863,-1.8658,-0.61243,-0.15577,-0.25751,-0.52328
"171","RUNX3",-1.6638,-1.6997,-2.1596,-0.46809,-0.36767,-0.19719
"172","PDPK1",-0.97812,-2.5485,-1.6821,-0.95254,-0.48321,-0.47436
"173","PSMA6",-1.4444,-2.2222,-6.8266,-1.3172,-0.40098,-0.042135
"174","GGTLC1",-0.35593,-0.24092,-1.4999,0.30166,-0.15918,0.18102
"175","PTGIR",-0.38728,-0.17549,-1.504,-0.77348,0.31244,-0.23656
"176","PTGER2",-0.4241,-2.2713,-1.1627,-0.58085,-0.45955,0.34092
"177","CHEK2",-2.1995,0.072219,-1.5188,-0.1905,0.31339,-0.61842
"178","MDK",0.57345,-1.0866,-0.21376,-0.34152,-0.89944,-0.2826
"179","MPZL1",0.39358,0.53054,-0.50297,-0.05135,-0.18906,-0.39903
"180","NT_94",-3.9545,-1.7164,-5.2432,-0.17509,0.54603,0.19047
"181","GPA33",-1.0007,-0.6185,-0.43764,0.2355,0.4612,-0.47856
"182","EZR",-1.2743,-1.9964,-2.4339,0.29053,0.22559,1.0769
"183","IKBKG",0.3102,-0.3292,0.92426,-0.21162,-0.45428,-1.0405
"184","SLC8B1",-1.664,-1.4377,-2.2694,-0.11498,0.11952,-0.35103
"185","GRB2",-1.3817,-0.41795,-0.99802,-0.79734,-0.3291,-0.78084
"186","NE_84",-4.0349,-4.0919,-2.9205,0.58756,-1.0372,1.4236
"187","IL9R",-0.82627,0.93499,2.348,-0.00073681,-0.1829,0.13761
"188","NOTCH1",-0.33609,1.3269,-2.6558,0.62063,1.1737,0.14001
"189","VHL",-1.4729,-1.5026,-1.5658,-0.84392,-0.1364,-0.076878
"190","OASL",-1.5853,0.094619,0.093186,0.067454,0.016016,-0.015692
"191","KCNA3",-1.6948,-0.7373,0.73912,0.33144,0.20226,0.76445
"192","SIRPG",0.17953,0.50091,0.66509,-0.218,-0.24342,-0.2235
"193","NE_40",-3.7817,-2.3487,-1.4916,-0.41597,0.26925,0.81096
"194","DOCK2",-1.5986,-1.431,-0.4689,-0.35804,0.060589,0.20573
"195","CD8A",-0.14246,-0.30543,-1.6635,-0.23922,0.0584,-0.7782
"196","ADGRV1",0.95539,-0.54098,0.12877,0.21048,0.21698,-0.2923
"197","IL17RA",-1.1669,-1.2008,-0.87467,0.11962,-0.47524,-0.11384
"198","NFATC3",-1.0221,-0.38012,-1.0104,0.2514,0.23289,0.255
"199","SULF2",-0.074317,1.8699,-3.145,-0.33354,-0.088823,-0.55652
"200","FZD10",0.46813,-0.41417,-1.1448,-0.067904,-0.076039,-0.33364
"201","NLGN3",-1.061,-2.4513,-1.5236,0.024817,-0.18018,-0.46686
"202","SUPT3H",-1.4752,-1.5621,0.69229,0.093384,-0.36268,0.051944
"203","TRAF2",-0.056912,-1.8857,0.69724,-0.1991,0.01872,-1.2555
"204","ORAI1",-0.57434,-0.37064,-1.35,0.44297,0.50923,0.14707
"205","SSH1",-0.58934,-0.35012,-0.14597,0.3359,0.42116,0.090446
"206","LIPA",-0.82031,-1.9468,-6.7625,0.25255,0.038706,0.73617
"207","TBL3",-1.9592,-2.8586,-0.59712,-0.95711,-0.60655,-1.1153
"208","PSMD13",-1.23,0.83504,-0.14466,0.398,0.40631,0.34238
"209","UBE2V1",-1.3026,-1.5047,-2.9089,0.13631,-0.3302,-0.46745
"210","CDK6",-0.96108,-2.4549,-4.4071,-0.54636,-0.89214,-0.04589
"211","STAP2",-0.46475,-0.65856,-0.93826,-0.77163,-0.21097,0.33525
"212","PSEN1",-1.4288,0.19261,-1.5091,-0.061586,-0.043378,-0.22759
"213","UCP2",-1.3465,-0.64912,0.94498,-0.59877,-0.12965,0.0074706
"214","FBXO5",0.5516,-1.3663,-1.0118,-0.22839,-0.96211,0.0036613
"215","RAB29",-1.9151,-1.1207,-3.9681,-0.32353,-0.36369,0.52426
"216","MS4A2",-1.4062,-2.1078,-3.3601,0.43263,0.63226,0.089964
"217","SIDT1",-1.7349,0.34887,-3.8165,0.16114,0.50143,-0.13311
"218","HN1",0.106,-0.50361,0.10577,-0.16673,-0.13076,-0.16979
"219","STT3B",-1.1755,-4.1497,-1.8696,-0.81781,-0.2556,-0.26439
"220","C16orf74",-0.98275,-0.54855,-0.29911,-0.56678,-0.35835,-0.52145
"221","NT_57",-3.8301,-2.6784,-1.3778,0.6913,-0.50746,0.96804
"222","MYD88",-1.1942,0.45383,0.61879,-0.70004,-0.58393,-0.42908
"223","TNFRSF11A",-1.3529,-0.51975,-2.3662,-0.4663,-0.66676,-0.39355
"224","MAP3K7",-0.90593,0.031425,1.2991,-0.20087,-0.13933,-0.16966
"225","ACHE",-1.6275,-1.4791,-0.6859,0.039874,-0.28643,-0.90468
"226","IKBKB",-0.23859,-1.1924,0.27167,0.17037,0.50189,0.19032
"227","EPHA5",0.9055,-0.015119,1.429,-0.20046,0.42748,-0.12572
"228","YPEL5",-1.1131,0.05575,0.24932,-0.72693,-0.2094,-0.17555
"229","ITGB5",-1.2028,-1.0337,0.39595,0.14827,0.7623,0.014776
"230","HINFP",-0.35069,0.13543,-0.14827,0.40218,-0.0036302,0.063652
"231","DUSP22",0.57218,-0.016965,-1.2951,0.2827,-0.22702,0.27969
"232","PITPNM1",-1.3122,-0.077168,0.092062,0.074117,-0.077922,0.092378
"233","FN1",-1.2178,-1.6765,-0.80777,-0.57658,-0.3828,-0.48704
"234","TRIM68",0.38025,0.24974,2.8553,0.18792,0.014746,-0.083106
"235","CD276",-0.55182,0.085567,0.62601,0.043646,-0.38002,0.43745
"236","CPM",1.0949,1.0132,3.1031,0.64336,0.66989,0.20233
"237","CD200R1",-0.51264,-0.31644,-3.3709,0.6137,0.46675,0.24398
"238","PCSK6",-1.0033,-2.8573,-1.0713,0.17869,0.26619,0.14909
"239","NE_94",-3.4478,-2.958,-6.902,0.17104,0.0058024,1.0777
"240","PFN1",0.3739,0.70366,1.5066,0.17575,-0.74755,-0.38617
"241","GZMB",-1.4254,0.13105,-0.24148,-0.13817,0.061603,-0.28909
"242","LRRC32",-1.6328,-3.0774,-4.0965,0.053437,-0.12137,-0.16643
"243","SRSF2",-1.1227,-0.74042,-4.9192,-0.4514,-0.5826,-1.3773
"244","H2AFX",0.189,1.4121,1.0074,-0.02509,0.0085249,0.46555
"245","CD1B",-1.2138,-0.7871,-4.0413,0.10733,-0.191,0.58528
"246","CYP2W1",0.37581,0.8449,-0.81799,-0.83714,-0.99473,-1.0397
"247","SPRING1",-1.6571,-1.2217,-3.2764,-0.26292,0.12659,0.17246
"248","AQP4",-0.69111,-0.671,-1.1816,-0.40181,-0.059588,0.02727
"249","NT_40",-3.3432,-0.60617,-7.0101,-0.3975,-0.59042,-0.91598
"250","NGFR",-1.4231,0.64728,-0.21954,-0.056569,-0.13547,-0.56302
"251","ANXA6",-1.0524,0.57107,-2.7498,0.20051,0.2536,-0.70599
"252","GPR75",-1.0127,-0.18696,-3.676,-0.28966,-0.16606,0.78765
"253","NT_86",-3.4144,-4.5486,1.2693,-0.0066745,0.54082,0.78354
"254","STRC",-0.82255,-1.5991,-3.5737,-0.29528,-0.055559,-0.4583
"255","CD40",-1.4821,-1.4012,-1.2311,0.013303,0.12543,-0.38441
"256","MT1F",-1.144,-2.6318,-1.5393,0.24718,0.47384,-0.056319
"257","CCDC80",-1.051,-0.58618,0.20878,0.0055201,-0.57232,0.33962
"258","BLNK",-0.42969,0.20798,0.83985,0.24129,0.10069,0.36631
"259","PIEZO1",-1.4648,-0.6154,-1.2878,0.070643,0.26251,0.1114
"260","CAMK2D",-1.1339,-1.0925,-1.9498,0.048657,0.4667,-0.31853
"261","C1QBP",-0.93639,-0.71921,-0.090953,-0.29034,-0.16614,-0.24631
"262","EPPIN",-1.1402,-2.2367,-0.75191,0.21864,0.29892,0.31926
"263","CD82",-0.26789,-2.812,-2.142,0.1287,0.035803,0.49887
"264","NE_76",-3.2089,-1.6072,-3.6968,0.19216,-0.35139,1.2861
"265","AIMP1",-0.99224,-1.186,-0.34564,-0.121,0.38608,-1.0568
"266","DPP7",-1.2372,-0.92289,-3.7468,-0.079177,-0.097488,-0.53839
"267","SETD2",-0.29145,1.1196,-1.8506,0.084149,0.11956,-0.47724
"268","C10orf95",-1.6247,-1.7929,-1.5313,-0.56453,-0.15849,-0.45323
"269","PCYOX1",-1.0944,0.25821,-0.96442,-0.026003,-0.15219,0.53689
"270","B3GNT4",-0.49519,-3.2873,-0.48572,0.092607,0.082107,0.28546
"271","NE_64",-3.2121,-2.1619,-3.5297,0.38786,-0.73869,1.007
"272","TLR9",-1.0242,-2.1655,-1.2926,0.20845,-0.18866,0.53787
"273","PKN1",-1.5517,-0.79757,-0.6498,0.56651,0.085462,0.36511
"274","CDC25B",-0.87774,-0.83116,0.48847,0.11176,0.42466,-0.53389
"275","IL1RL1",-1.4136,-2.8876,-0.44974,0.092794,0.38068,0.57976
"276","CUBN",-0.8541,0.25468,0.25143,-0.5565,-0.10368,-0.11638
"277","IL17RE",-0.0072357,-0.73907,-0.93513,-0.059041,-0.34522,-0.12188
"278","RAB11FIP4",-1.6422,-1.7924,-4.1913,-0.3616,-0.7101,-0.42322
"279","CDH5",-0.30268,-0.048412,-1.5218,0.0090472,0.20648,-0.0038521
"280","PTRH2",-1.2783,-0.56792,-0.4157,-0.24135,0.016243,-0.047333
"281","TOR1A",-1.0881,-1.5316,-0.009251,0.2828,-0.22727,-0.26594
"282","CCL17",-0.41775,-1.5186,-1.9616,-0.19654,-0.4386,-0.66647
"283","SPA17",-1.1106,-0.081282,-1.0603,0.54883,0.6004,-0.020343
"284","SLC19A1",-1.1021,-1.2669,-2.1109,-0.10131,0.070873,-0.39713
"285","CX3CR1",-1.2654,-1.7677,3.6627,0.10368,-0.29278,-0.24514
"286","WIPF1",-1.3602,-0.37624,-2.1006,0.50231,0.2034,-0.26821
"287","LMAN2L",-1.1714,-0.63824,-0.17616,-0.053021,0.079281,-0.21266
"288","NDUFA9",-1.2434,-1.9397,-2.3816,0.30221,-0.32961,-0.20976
"289","CCNH",-1.1762,-2.7097,-2.3177,-0.40835,0.41216,0.098861
"290","SUMF1",0.041235,1.1358,1.4034,0.20826,-0.12489,0.24114
"291","LRFN1",-1.3607,-1.9965,1.7573,0.16508,-0.14133,0.015391
"292","LRPAP1",-0.14751,0.94041,-1.4071,-0.5797,-0.47506,-0.36809
"293","TMX3",-1.1328,-1.9152,-1.5047,0.0027972,0.26816,0.20563
"294","NT_62",-2.9867,-1.9655,-7.0547,0.29928,0.094566,0.13661
"295","SLC3A2",-1.0004,-1.8565,-3.0772,-0.76276,-0.51182,-0.079342
"296","SELM",-0.64056,-0.40464,-2.6727,0.129,0.044238,0.30263
"297","SPON1",-1.3413,0.061627,-5.1138,-0.078682,-0.095596,0.35984
"298","C20orf160",-1.3345,-1.0338,-4.1111,-0.29754,-0.015298,0.27717
"299","PLEKHG3",-0.19788,-0.015797,-2.589,0.043098,0.33867,0.35881
"300","PTK7",-1.0007,-2.3113,0.96367,-0.20034,-0.58845,-0.032983
"301","FGF8",-0.69567,-0.098946,-2.7872,-0.19967,0.16798,-0.45112
"302","CYSLTR1",-0.79662,-1.7183,0.2262,0.42363,0.30843,0.44526
"303","PLBD2",-1.0038,-0.40516,0.26001,-0.2312,0.45415,0.22745
"304","PRF1",-0.10333,-0.17482,1.6155,-0.27691,0.023569,0.15646
"305","SOS1",-1.2576,-1.2925,-1.8833,-0.4416,-0.461,-0.17257
"306","TNFRSF1A",-0.18465,-0.25631,-1.7019,-0.92883,-0.13523,-0.42968
"307","CDCP1",-0.69548,-2.5182,-0.88683,-0.016979,0.15282,-0.056474
"308","DCBLD1",-0.98341,0.70056,1.311,-0.013584,-0.21335,0.59576
"309","ANTXR2",-1.0104,-0.104,0.82151,-0.13053,0.17903,-0.15487
"310","DCK",-0.69477,-0.64585,-4.1279,0.3462,0.16393,0.6901
"311","CXCR2",-1.3308,-0.91035,-2.254,0.012845,-0.063371,-0.26904
"312","HERC6",-0.24877,-1.385,0.077229,0.40753,0.092809,0.061781
"313","SEL1L3",-0.87842,0.14069,-0.1693,0.31141,0.095246,0.16146
"314","BAG1",-1.5503,-1.4104,0.23266,-0.6798,-0.44565,-1.5312
"315","TSPAN14",-0.9639,0.10171,-0.069145,-0.26722,-0.24133,-0.53008
"316","SLC6A3",-0.3489,-0.64717,-0.14892,-0.12697,-0.12115,-0.16463
"317","SKIL",-1.4849,-0.49629,-4.1722,0.33231,0.35139,0.4145
"318","ITGA2",-0.32314,1.4347,-1.5234,0.17093,-0.30152,0.4879
"319","CD70",0.17919,-0.21449,0.037043,-0.34635,-0.14997,-0.27492
"320","NFAM1",-1.0662,-0.51794,-1.4629,-0.38795,-0.13264,-0.38236
"321","CCDC69",1.1481,1.6667,2.5921,-0.80017,0.14058,0.13603
"322","TRAF1",-0.5071,0.50601,-1.5423,0.013723,0.035109,-0.13042
"323","IL7R",-0.39962,1.1505,-1.5099,-0.23459,-0.15829,-0.3441
"324","KCNN2",1.8838,1.635,2.152,-0.32071,-0.16641,0.040386
"325","HLA-B",-0.64162,-1.2666,0.68933,0.10346,0.3454,0.57786
"326","RSPO2",-1.0411,-0.57812,-0.029314,-0.21286,0.61085,0.37522
"327","NT_78",-2.7123,-0.24429,-2.5218,0.4908,0.62281,0.11482
"328","NSMCE1",-0.9774,-1.178,2.3745,-0.28369,-0.20555,0.24373
"329","TSPAN3",2.1023,0.36785,0.80131,0.16537,-0.12972,0.016185
"330","NT_60",-2.8088,-0.39992,0.65062,0.18296,0.16181,0.943
"331","PRKCQ",-1.2651,0.053167,0.010153,0.38812,0.25508,0.52753
"332","CLU",-1.0068,0.2782,-0.7822,0.43691,0.4733,0.14441
"333","HLF",0.53958,-0.57165,-0.68433,-0.71353,-0.44056,-0.2523
"334","NFKBIA",-0.79754,0.7935,1.1311,-0.33137,0.35538,-0.57147
"335","CNPY3",-1.1904,-0.084583,-0.46145,0.25777,0.20519,0.29662
"336","ETV6",-0.71002,0.6726,-1.745,0.40827,0.065932,0.64414
"337","ARL4C",-1.2217,-1.689,-1.3883,0.044298,0.22614,0.26474
"338","FOXP3",-1.2291,-0.10495,-0.85822,0.2497,0.05143,0.29349
"339","PIGS",-0.86775,-4.3669,-2.3364,0.13613,0.17458,0.65427
"340","LAMP2",0.84309,1.072,1.3288,-0.39122,-0.0063245,-0.71581
"341","CRHBP",-1.0459,-0.4593,-2.275,-0.15718,-0.22624,-0.29375
"342","SPIRE2",-1.3179,-3.3179,-1.2625,-0.021668,-0.33065,-0.39851
"343","TRAT1",-0.77867,-2.1385,-0.74514,-0.19226,0.17844,0.18584
"344","ADGRF5",-1.0419,-0.29525,-0.32223,0.29757,-0.16231,-0.40017
"345","EIF3E",-0.63628,1.2536,0.44927,-0.019147,-0.044838,-0.28331
"346","VDAC1P1",-1.1539,0.33842,0.25075,0.52709,0.52581,0.7716
"347","BACH2",-1.1473,-0.5467,-0.46645,0.11579,0.26455,-0.10972
"348","PSMC5",-0.80966,-0.68664,-1.4131,-0.18037,-0.22489,-0.68011
"349","PSMD6",-0.69446,-0.87571,0.11549,-0.48106,-0.24465,-0.89119
"350","CXCR1",-0.11059,0.10003,1.3914,0.89761,1.1407,0.85379
"351","PNMA3",-1.1139,-2.134,-4.1387,0.033033,0.1984,0.17266
"352","ATP6AP1",0.47446,0.84801,-1.3482,-0.85599,-1.0148,-0.16067
"353","NT_38",-2.5591,0.43445,-5.1988,-0.228,0.53219,0.5847
"354","DCSTAMP",-1.1935,0.038352,-1.2551,0.049677,0.0087713,-0.16214
"355","TMED4",-1.1889,0.16295,2.3272,-0.56944,-0.28613,-0.58056
"356","TMEM30A",-0.82692,-1.3685,-0.84444,-0.0053268,-0.078882,0.3694
"357","NE_30",-2.629,2.1042,-1.2062,-0.45147,-0.50372,-0.041846
"358","MASP1",-0.28903,-0.26446,-1.0588,0.06534,0.063964,0.24015
"359","PSMD3",-0.75263,-2.1875,1.2002,-0.62265,-0.52066,-1.6231
"360","LILRB2",-0.82447,-0.95257,-4.1852,-0.27598,-0.2416,0.050208
"361","THBD",-0.25267,0.68989,-1.2451,0.070706,-0.74734,-0.081151
"362","RORC",-1.008,0.044529,2.3665,-0.48897,-0.26986,-0.11895
"363","PVR",-0.65178,-0.99012,-1.3398,0.18817,0.36306,1.1543
"364","STOML2",-0.90059,-0.65777,-0.0029365,-0.7408,-0.43454,-0.10157
"365","CD58",-1.1407,-2.9807,-3.1049,-0.051246,0.46742,0.51903
"366","LST1",-0.97138,-1.1405,-1.0513,-0.35744,0.21262,0.014116
"367","CXCR5",-1.2171,0.93497,-0.95321,0.031172,-0.30944,0.34927
"368","CHST12",-1.2883,0.70567,-1.2744,0.078259,0.29797,-0.015249
"369","NE_33",-2.6141,-3.0698,-6.5806,0.37136,-0.14421,1.6536
"370","WRN",-0.8615,-0.44273,-1.3481,-0.022322,-0.021675,-0.014305
"371","SLC39A14",-0.55276,-2.1707,-0.44935,-0.69347,-0.29425,-0.5987
"372","ROS1",-0.82457,-0.21433,-1.4284,0.023003,0.022114,0.30781
"373","GRAP2",-0.8638,-1.7988,-2.072,-0.012359,-0.22994,0.57106
"374","NE_59",-2.5587,-1.9246,-0.93845,1.1818,-0.53983,1.1654
"375","NMUR1",-0.72156,-0.82637,-0.17038,-0.2358,0.37605,0.63204
"376","SATB1",1.0393,-1.2251,0.50309,-0.069074,-0.43475,0.11794
"377","ITGA4",0.33873,0.41222,1.2661,-0.041139,0.10031,0.019892
"378","PDGFB",-0.72495,0.46557,0.067801,0.41641,0.38113,-0.57974
"379","KRT1",-0.049434,-0.16704,0.70003,0.27642,0.19472,0.61057
"380","GFRA4",0.03274,-1.5756,-2.9233,-0.5545,-0.29015,-0.86899
"381","TOP2A",-0.50347,0.059377,-2.1933,-0.090656,-0.28903,-0.34815
"382","GOLGA6A",-0.80303,-0.96611,2.2303,-1.2653,-0.60011,-1.2898
"383","FGF10",-0.19615,-1.0294,-4.2893,-0.014358,-0.11331,0.037885
"384","CAV3",-0.62929,0.11439,-0.63997,0.16065,0.053518,-0.0083704
"385","OCLN",-1.0862,-0.4494,1.6262,0.67946,0.65225,0.16968
"386","FLT3LG",-0.81259,-0.65849,-1.6994,-0.74298,-0.52107,-0.89451
"387","SLITRK6",-0.97919,0.34494,-0.72813,0.39505,-0.013255,-0.66509
"388","TMEM243",-0.22071,-1.4743,-1.4446,0.44468,-0.092174,0.32837
"389","ERAP2",-0.75682,-0.92187,-0.49691,0.14327,0.10165,-0.72365
"390","NBPF1",0.70909,1.0795,1.4012,-0.24124,-0.73368,-0.063462
"391","JAK3",-0.16712,-0.5879,1.5349,0.15485,-0.18595,-0.59537
"392","CCR3",-1.2196,-2.4272,-5.7001,-0.30347,0.67261,-0.34541
"393","NE_67",-2.2133,0.32155,-3.0245,-1.2691,-1.1191,-0.14632
"394","C6orf48",-0.49074,-0.46122,-3.9816,0.030069,-0.032566,-0.1016
"395","SOD2",-1.242,-0.886,-4.2878,-1.0681,-0.90242,-1.3486
"396","CBFB",-0.80828,0.50374,0.54594,-0.55587,-0.083961,-0.22253
"397","CD59",0.011216,-1.8989,-1.1996,-0.3771,-0.098891,-0.10788
"398","SOCS3",-0.33366,0.0074368,-1.5537,-0.38188,0.1213,-0.24532
"399","BCL10",-0.95593,-0.608,2.0367,-0.18342,0.0088245,-0.30841
"400","PSMB8",-1.1505,0.27508,-1.2025,-0.22305,-0.12035,-0.094321
"401","NCF2",-0.89721,-0.97338,1.4698,0.47913,0.072263,0.20947
"402","GZMA",-0.1369,-0.80405,-2.5744,-0.40581,-0.026946,-0.44161
"403","SLC2A1",-0.16911,-3.0803,2.0135,-0.8815,-0.96014,-0.80751
"404","PLP2",-1.0869,-1.7024,-4.1152,-0.061681,-0.18506,0.37614
"405","TNFAIP3",-0.69895,-0.6113,-2.9586,0.5298,0.15123,0.59437
"406","RHOA",-1.0718,-0.56997,-1.0736,-0.59481,-0.39081,-0.31946
"407","CCR1",-0.33946,-0.049116,1.9634,0.37644,1.0201,0.33817
"408","KCNQ3",-0.20449,-1.1802,-1.4704,0.047564,0.039964,0.57142
"409","TOR1B",-0.87082,-0.79232,-2.2305,-0.11609,0.10783,-0.65618
"410","BACE2",-0.049769,0.51393,-0.33846,-0.30086,-0.30604,-0.48752
"411","CAPN5",-0.67214,-0.21294,1.809,-0.01623,0.14448,-0.25352
"412","LAMP1",-0.10787,-0.057746,2.5052,0.0014812,0.091903,0.10404
"413","GOLM2",-1.2567,-1.0283,-2.4187,-0.072545,-0.14825,0.20458
"414","CD37",-0.58221,-0.92487,-0.18774,-0.17593,0.27988,0.083767
"415","ASAH1",0.69183,0.89917,-0.50882,0.054743,-0.253,-0.10708
"416","NRP1",0.33625,0.18431,-0.42503,0.10376,-0.062321,0.37388
"417","RELB",-1.0672,0.30798,1.0649,-0.20636,0.0718,-0.67143
"418","GHRHR",1.7397,1.5617,2.4222,0.5184,0.0015705,0.89529
"419","SPPL3",0.17151,0.27452,-1.7139,-0.054844,-0.039261,0.48512
"420","RAG2",-0.89022,-1.7129,-0.68467,0.52266,0.072706,1.0013
"421","ITGAV",-0.77015,-0.65464,-2.554,0.42731,0.26677,0.40573
"422","CHRNB2",-0.71537,0.17783,1.5361,-0.36039,0.64836,-0.57184
"423","DNMT3B",-0.72846,0.25449,1.1181,0.32356,0.36707,0.2789
"424","MAF",-0.92711,-0.75539,-2.8347,-0.38109,-0.41405,-0.71202
"425","OSTM1",0.52816,-0.64551,-1.0938,-0.77336,-0.11359,-0.28975
"426","PIK3R2",-0.6668,-1.3721,-0.36676,-0.30201,0.0099529,0.15215
"427","XPA",0.3249,0.43311,0.38051,0.34005,0.18555,0.31079
"428","DSCAML1",-0.77448,-0.43002,-2.1739,-0.35692,-0.47166,0.42514
"429","CD7",-0.37718,-0.79246,-0.91052,0.30833,0.34604,0.038542
"430","KIF17",1.1949,0.81215,0.28904,0.20181,-0.14102,0.33314
"431","PHF19",-0.41655,-0.0011558,0.66215,0.12064,0.21578,0.12907
"432","LEMD2",-0.48777,-0.92023,-1.311,-0.21871,-0.40122,-0.80223
"433","ANPEP",-0.97626,-1.7982,-0.68711,0.046445,0.20328,-0.35234
"434","RBM23",-0.46912,-0.30543,2.5204,-0.2418,0.073591,0.22852
"435","NOTCH3",-0.84914,0.7193,0.59701,0.34393,0.22169,0.23657
"436","VTN",0.91329,-0.82271,-3.8164,-0.17909,-0.47608,-1.0668
"437","BCL7A",0.32276,0.30129,1.4622,0.36023,-0.56293,0.83776
"438","RNF149",-0.81289,0.68744,-1.2259,0.0013657,0.24867,-0.23383
"439","TNFRSF13C",-0.48757,-0.40105,1.4384,0.19856,-0.58386,-0.77319
"440","APLP2",-0.85291,-0.7847,1.4688,-0.45998,-0.87063,-0.51527
"441","MPPE1",-0.78663,0.22015,0.78492,0.81845,0.61039,0.6819
"442","GPRC5B",-0.091123,0.88281,0.90525,-0.12307,0.096782,-0.28336
"443","UBE2N",-0.93846,-1.8368,0.84435,0.023057,-0.47854,0.36758
"444","RERE",-0.89031,-1.5171,-4.2996,-0.87742,-0.24234,-0.92985
"445","LRP10",-0.7874,-0.54503,-5.5244,-0.73397,-0.65781,-0.40483
"446","C1orf31",-0.49857,0.11155,0.29811,0.072806,0.0045272,0.20132
"447","XRCC3",-0.18372,0.74357,-0.36655,0.052758,-0.15619,-0.18376
"448","SKAP1",0.32048,-0.10801,1.3328,-0.70886,-0.51289,-0.95049
"449","ATP1B2",-0.59355,-0.30417,0.026424,-0.10847,-0.33438,-0.09559
"450","FAM174A",-0.60512,-0.2486,-1.0778,0.14316,-0.71471,0.74726
"451","PTGER4",0.15549,0.20977,1.1319,0.17261,-0.38379,0.61965
"452","PTPN11",-0.91461,-1.0884,-1.4584,-0.84683,-1.1128,-0.90494
"453","KIAA1407",-0.75327,-1.4959,-0.3413,-0.6332,0.0357,-0.43358
"454","APOE",-0.64916,-0.79029,-2.1755,0.15252,0.43641,0.1236
"455","IL18R1",-0.78754,-0.16619,2.6035,-0.046534,0.14081,0.33446
"456","GSTA4",-0.83739,-1.5698,0.01403,0.10332,-0.26627,-0.41328
"457","SCNN1G",-0.062141,1.0261,1.996,-0.21237,-0.02783,0.011971
"458","CLEC5A",0.71218,0.26836,1.1405,0.24465,0.6459,0.61763
"459","SLA",0.28169,0.079379,0.61781,0.073631,-0.06229,0.26435
"460","GABPA",0.32031,0.19064,-0.8381,-0.094672,0.39177,-0.16603
"461","ADAMTS13",-0.72368,-1.4178,-5.8059,-0.26109,-0.74003,-0.2356
"462","HPX",0.34016,1.264,0.6622,0.35861,0.32346,-0.95921
"463","NE_66",-1.7084,-2.8007,0.65292,-1.2709,-1.4476,-0.65203
"464","ALCAM",-0.88776,-1.2467,-0.89034,-0.23936,-0.058525,-0.63763
"465","RAD50",-0.61536,0.75098,-0.33884,0.29636,-0.088889,0.19012
"466","COMMD6",0.2114,-0.90974,0.69505,-0.31676,0.025978,-0.25551
"467","UBASH3A",-0.51138,0.57382,0.41536,0.13885,0.16534,0.0097618
"468","NT_68",-1.8685,-4.2114,1.074,0.046372,0.81523,-0.42414
"469","SEPTIN2",-0.56442,-1.088,0.29302,0.23814,0.098163,0.28733
"470","XCL2",-0.86818,-2.0031,-6.8785,0.16387,-0.23205,0.066365
"471","NE_26",-1.6411,-1.4906,1.4033,0.032206,-0.27122,-0.37184
"472","GXYLT1",0.97702,0.69809,2.3598,-0.32638,-0.0032822,-0.16983
"473","EVI2A",-0.52453,-1.3444,0.6106,0.13666,-0.047678,-0.19903
"474","ZNF232",-1.094,-0.35851,-0.99575,-0.23694,-0.29634,-0.73372
"475","RAG1",-0.5849,-0.11291,-0.31326,-0.086838,0.094527,0.24614
"476","NT_69",-1.6423,-1.4074,-7.2322,-0.073266,0.48965,-0.024166
"477","F3",-0.8538,-2.8477,-0.51625,-0.11985,-0.34233,0.0040892
"478","NFATC1",-0.4626,1.0458,-0.35057,0.32218,-0.23186,0.064679
"479","AIRE",0.92716,1.6026,-0.39067,-0.28722,0.26777,0.14371
"480","ACVR1",-0.44375,-0.83504,0.1575,-0.27481,-0.54067,0.12095
"481","SAMD3",0.67916,0.68809,0.65704,0.62907,0.31657,0.4659
"482","ELAPOR1",0.35155,-0.15837,0.017498,0.33614,0.76492,0.48996
"483","NE_31",-1.7076,-0.5181,-3.2385,-0.44583,-0.4326,-0.59362
"484","AQP3",-0.56414,-0.085406,-2.4579,0.4076,-0.14158,-1.3412
"485","PSMB2",-0.9662,-1.503,-1.6438,-0.18151,-0.38471,-0.50153
"486","WNT6",-0.94268,-0.9341,-2.0243,-0.081317,-0.42981,-0.18225
"487","UMODL1",1.2591,0.99391,2.1306,0.15654,-0.18831,0.052759
"488","RER1",-0.55141,0.68152,-1.2819,-0.15632,-0.047915,-0.47335
"489","GRIN2A",-0.62213,-1.158,-1.8274,0.28,0.28102,0.18949
"490","NCR3",-0.66975,0.32523,-0.63645,0.22082,0.25863,-0.61498
"491","CLSTN1",-0.48568,-1.3032,-2.4883,-0.14322,-0.42873,-0.38339
"492","NE_42",-1.7928,-1.4531,-1.3676,0.59756,0.087139,0.73169
"493","MXRA8",-0.85206,-1.1872,2.2151,-0.23423,-0.38162,-0.10449
"494","PHB2",-0.53452,-1.6559,-0.6318,-0.42105,-0.81988,-0.17175
"495","M6PR",0.69426,0.52185,-0.46401,0.10438,-0.70362,-0.20312
"496","CLEC17A",-0.50243,-0.97319,2.9766,-0.080954,-0.26729,-0.16685
"497","DEFB108B",-0.36451,0.014492,1.1326,0.11681,0.034786,-0.08622
"498","ADGRG1",-0.30259,-0.18337,-2.3927,-0.12863,-0.21208,0.15522
"499","MAS1",-0.029267,-0.32568,-0.30756,-0.047515,-0.015057,0.3469
"500","NE_81",-1.652,0.26886,-1.583,-0.026098,0.21108,0.042735
"501","FUT7",0.12276,-2.3318,0.37052,-0.7681,-0.24207,-0.32457
"502","RFT1",-0.85616,-1.4361,-1.5154,0.13767,0.2197,-0.53884
"503","PLD4",-0.8986,-0.52505,-0.40188,-1.3548,-0.72424,-0.26698
"504","UBE2D1",-0.59443,1.0946,-3.8893,-0.36595,0.20492,0.35928
"505","NE_99",-1.6882,-0.08247,0.0092502,-0.4644,-0.23104,-0.28931
"506","PLA2G16",0.33556,0.83154,3.1841,-0.06833,-0.14832,0.63695
"507","IRF7",0.57698,0.4998,0.58486,0.097737,-0.17882,-0.30172
"508","ZNF208",-0.5578,-0.22902,-1.2963,-0.1201,0.13803,-0.42102
"509","FOLR2",-0.20556,-0.72468,1.5081,-0.16421,-0.70316,-0.4795
"510","USP14",-0.80819,0.1811,-1.8886,0.30184,0.52149,0.38814
"511","NT_82",-1.6195,-1.5098,-6.8573,0.72325,0.45013,1.0499
"512","PDIA3",-0.70917,-1.6593,-1.6062,0.019892,0.0063288,-0.45008
"513","NE_82",-1.452,-1.6375,2.1102,-0.24516,-0.54564,-0.32459
"514","DUSP4",-0.64056,-0.97994,-0.29442,0.056012,-0.012802,-0.93922
"515","NE_95",-1.5306,-1.6743,-2.6583,-0.19525,-0.99968,0.94447
"516","SLC12A2",-0.73356,0.44306,1.3226,-0.20053,-0.20077,-0.042013
"517","PNRC1",-0.43565,-0.51649,1.0268,0.078488,0.38577,0.070383
"518","EMCN",-0.57572,0.21595,-0.15809,0.18093,0.5943,0.32851
"519","TBX21",-0.22067,-1.2839,-1.3741,-0.86911,-0.79525,-0.45515
"520","P2RY1",-0.3684,-0.26779,0.64458,-0.29409,0.52732,-0.17748
"521","NT_89",-1.5178,-0.56661,-2.3192,0.39986,0.67678,0.72796
"522","TNFSF4",0.93447,-0.69625,1.3747,0.42068,0.48085,0.38688
"523","LILRB1",-0.5545,-1.1012,-3.9625,0.34827,-0.36031,0.1441
"524","NE_63",-1.4315,-3.4039,-2.807,0.11393,-0.09445,0.5081
"525","NUP210",0.33899,-1.6248,1.2939,-0.47008,-0.46907,-1.0561
"526","CSF2RB",0.37497,0.34944,0.14803,-0.14444,0.029877,-0.084664
"527","GAPDH",0.1221,0.19757,0.86716,-0.11896,-0.4637,-0.26235
"528","SYPL1",-0.46836,-0.68639,-1.6157,0.055455,-0.020944,0.39822
"529","PSMA7",-0.74283,0.40118,0.10828,-0.42357,-0.52906,-0.73557
"530","DUSP2",-0.81838,-1.1984,-2.5219,-0.050749,-0.07279,0.053994
"531","TIMP2",-0.31366,0.1673,2.1996,-0.055591,-0.43129,0.03952
"532","BMP3",-0.74008,0.92882,-0.70201,-0.3034,-0.39694,-0.21279
"533","HSPA5",-0.67903,0.6014,0.50949,-0.8756,-1.3918,-1.0774
"534","RASSF5",0.26587,-0.065893,0.68034,-0.28155,0.12045,0.17287
"535","ENTPD6",0.34811,2.7096,-1.2692,0.041849,0.32454,-0.036299
"536","CD33",-0.371,0.20337,-0.34988,-0.13327,-0.12148,-0.95651
"537","SRF",-0.4816,-0.051968,-1.2799,-1.3084,-0.40609,-1.963
"538","BST2",-0.81622,-0.8933,-1.0312,0.29129,0.048578,0.81523
"539","PSME1",-0.44057,-1.2129,-0.30744,0.091697,0.3582,-0.20727
"540","RTP2",-0.61768,1.0965,0.22074,0.48673,0.40371,0.023796
"541","CXCR4",-0.49774,0.4007,0.093339,0.12248,0.031002,0.31371
"542","CDK2AP2",-0.8588,-0.62735,-4.0273,0.26588,-0.46293,-0.034424
"543","TCP11L1",-0.36581,0.081599,-1.1802,-0.13984,-0.30744,0.23723
"544","CXorf21",-0.15261,-1.5871,-4.7071,0.1843,-0.33853,0.69994
"545","PLCG2",-0.66245,-0.38331,-0.87064,0.093836,0.31589,0.26503
"546","KRT9",1.0507,-0.13364,-0.51461,0.026692,-0.49769,0.41191
"547","TYK2",-0.4478,-0.011051,1.1885,-0.027058,0.11355,-0.57377
"548","FOLH1",-0.37961,-1.2299,-1.0705,0.2982,0.13086,-0.045778
"549","SULT1A1",-0.20236,-0.47578,0.84794,0.22954,0.16285,0.64122
"550","NT_43",-1.382,-3.1459,-7.0894,-0.47712,-0.11188,-0.25281
"551","IL4R",0.28828,0.44911,0.47899,0.17642,-0.0083046,-0.19455
"552","ATR",-0.40813,-0.43214,-0.87246,0.19017,0.28486,0.22107
"553","EGFLAM",-0.31444,-0.34719,0.39094,-0.46565,0.088924,-0.032138
"554","TEKT5",-0.6475,-1.1124,-1.5832,-0.71214,0.44101,-0.24806
"555","EPOR",-0.32095,-0.081052,0.17161,-0.18528,-0.2372,0.030498
"556","SH2D1A",-0.3375,-0.44729,-2.8807,0.26193,0.085461,-0.15071
"557","P4HB",-0.81401,-1.2723,-4.9196,0.071888,-0.068493,0.2317
"558","CRBN",-0.20943,-0.97916,0.77643,-1.0068,-1.0788,-1.0401
"559","SLC46A1",-0.50941,-0.49973,0.63327,-0.27846,-0.45876,-0.059808
"560","TMEM123",0.14304,-0.34277,1.223,-0.21201,-0.33923,0.93565
"561","PRNP",-0.75117,-1.891,-0.19397,0.26544,0.31728,0.41411
"562","HOPX",-0.54602,-2.3311,-0.51562,-0.4733,-0.30608,-0.70436
"563","ALG10B",-0.79688,-1.2638,-4.8761,0.02377,0.087367,0.28207
"564","CBL",1.5467,1.5727,1.1983,0.11648,-0.10973,0.041026
"565","UBE2L3",0.29539,-0.35066,0.56349,0.34755,0.70093,0.35327
"566","IDS",-0.30638,-0.17463,-2.0952,-0.3189,0.10707,-0.24915
"567","CD79B",-0.068755,-0.03859,2.7724,-0.10239,-1.3644,0.24064
"568","GFI1",-0.23033,-1.5287,-2.3522,-0.28886,-0.54299,-0.87711
"569","HYAL2",-0.57803,-0.72908,-1.7763,0.45113,-0.19841,0.7163
"570","TNF",-0.41241,-0.68154,1.1347,0.16171,-0.018049,-0.36053
"571","PDGFRB",-0.21678,-0.97388,2.6218,-0.10295,0.023997,-0.14768
"572","KCNK2",-0.18964,-0.0045418,-1.8903,0.18317,-0.1791,-0.10939
"573","TOP3A",-0.3038,0.14137,1.156,-0.15938,-0.20473,0.68075
"574","BAIAP2",0.45302,-0.90484,-1.2691,-0.64037,0.50922,-0.12172
"575","HM13",-0.44195,0.72376,0.30207,0.0099934,-0.35838,0.26991
"576","DEFB118",0.19332,0.036013,-0.86969,0.17283,0.14449,0.0081889
"577","HSD17B11",-0.1894,-0.22103,-0.50765,-0.03909,-0.48319,-0.01289
"578","VIPR1",-0.38073,-1.0016,0.40707,0.57609,0.52374,0.80073
"579","ECE1",-0.46553,-1.7407,-3.0008,-0.45897,-0.94533,-0.85405
"580","TCF3",-0.25977,0.5009,1.6454,-0.18952,-0.16225,0.59178
"581","PPP1CC",1.6091,1.0784,3.1253,0.014542,0.054652,0.18266
"582","ADAM19",-0.60506,-0.34657,-0.8145,0.05176,-0.030026,0.13153
"583","TGFBR3",0.3627,0.53586,0.35257,0.3817,0.75479,-0.016193
"584","SH2D2A",0.19989,0.77067,-0.44587,-0.19861,0.21334,0.38824
"585","SDK2",0.046181,-1.0084,1.5715,-0.11161,-0.14757,0.4533
"586","MICB",-0.54397,0.98813,0.73253,-0.43765,0.069809,-0.34741
"587","JAM2",-0.2955,-1.2057,-0.64159,-0.11134,-0.24413,0.31166
"588","BMP2",-0.64663,-0.74563,0.47947,-0.30221,-0.26596,-0.28413
"589","PAM",0.13046,1.2485,-2.3757,-0.11005,0.21698,-0.054151
"590","HMSD",0.37193,-0.49726,0.023328,0.4763,-0.10204,0.4893
"591","PSMC2",-0.11835,-2.5355,-3.9079,-0.31908,0.068874,-0.26285
"592","ROBO2",-0.67059,-1.353,1.7223,0.36922,0.35336,0.53703
"593","INPP5D",-0.31289,-1.7394,-2.5619,0.1552,0.17012,0.79858
"594","NE_85",-1.1333,-1.6784,-3.4722,-0.33268,-0.21847,-1.0542
"595","XRCC6",-0.38263,0.63254,0.17537,-0.39699,-0.057405,-0.7997
"596","RAB11FIP3",-0.12707,0.33333,1.5309,0.14815,0.049316,0.56101
"597","NEGR1",-0.73244,-2.6647,-2.2588,-0.066591,0.36121,-0.46499
"598","TCF7L2",-0.24583,0.020959,1.8674,0.079322,0.071967,0.27434
"599","P2RX5",0.18423,-0.93313,-0.044116,0.57208,-0.35408,-0.27298
"600","ENPP1",-0.43419,0.87707,0.50166,0.076168,0.31048,-0.63098
"601","BCAR1",1.0634,-0.22757,1.6142,-0.0033508,-0.072791,-0.034398
"602","CD53",1.0671,0.86654,2.6513,0.30274,0.070817,0.31074
"603","MUC17",0.609,0.46608,1.5581,0.34466,0.57839,0.49408
"604","HEXA",-0.084728,-0.13474,-1.4479,-0.49767,-0.24,-0.19668
"605","NE_73",-1.0939,0.18072,4.7311,-0.025433,-0.10787,0.64238
"606","IL31RA",0.027101,-0.40724,3.0204,0.53096,-0.44387,0.26661
"607","RB1",0.92706,0.50416,-1.652,0.56974,0.50991,0.44493
"608","NDP",-0.082109,-0.56264,0.086489,-0.16596,0.36264,-0.65368
"609","IL17RD",-0.21374,-1.0569,2.0198,-0.53188,0.35019,-0.5599
"610","PPP1R37",-0.29492,-0.88513,-2.0427,-0.4378,0.30979,-0.26354
"611","CIITA",0.39161,-1.1888,-1.7683,-0.47432,0.36363,0.47834
"612","BOD1",-0.15877,0.23198,1.2283,-0.36148,-0.054319,0.12293
"613","DYNC2H1",0.29859,-0.26245,-0.11935,0.038332,0.28442,0.79342
"614","EOMES",-0.058017,0.5928,-0.44547,0.13614,0.21348,-0.38872
"615","IL22RA2",1.4667,1.605,4.4433,0.059018,0.16784,0.11766
"616","KCNJ3",-0.5129,-0.25798,-0.94721,-0.025053,-0.18331,-0.40838
"617","TNNI2",-0.056883,0.51934,1.4988,0.37277,0.15001,0.26867
"618","CD93",-0.68768,-1.8915,-3.206,-0.20179,-0.035653,-0.60694
"619","ITGB6",-0.21682,-0.23691,0.37026,-0.10337,0.34047,-0.33437
"620","PLG",-0.48644,0.3716,-3.8705,0.30518,0.0096133,-0.21706
"621","CD14",0.78348,0.607,2.177,-0.69218,-0.085622,-0.22774
"622","TOR1AIP1",-0.59321,-2.0864,-2.419,-0.34894,-0.58786,0.045043
"623","SDC4",0.55315,0.70654,2.0547,0.49124,0.34864,0.34356
"624","NPC1",0.23614,-0.11784,3.2167,0.26656,-0.052652,-0.2621
"625","HLA-DMA",-0.30749,0.060582,0.62351,0.048389,-0.17328,-0.64412
"626","ELF1",-0.61584,-0.42235,0.67469,0.35554,0.05009,0.85674
"627","CLEC4C",-0.60144,-1.0748,-3.2627,-0.32788,-0.17128,-0.32467
"628","GPC4",-0.15671,-0.61489,0.60758,0.054664,0.52362,0.49565
"629","CHRNA4",-0.077838,1.4412,1.7979,0.18383,0.14384,-0.17936
"630","CRYGD",-0.095337,-1.5548,-2.2592,-0.15632,0.46161,-0.044561
"631","IL21",-0.14219,-0.80148,0.41695,-0.093887,0.51332,-0.23488
"632","NT_67",-1.0572,-1.5856,0.8927,0.30307,-0.45844,0.54454
"633","DEFB129",-0.43615,-2.271,1.3372,0.40397,-0.30201,-0.31322
"634","TRPV4",-0.49069,-0.46504,0.80232,-0.099691,0.039961,-0.6223
"635","TCL1A",0.002413,0.045038,0.99941,0.32802,0.38234,0.036746
"636","MFGE8",-0.67357,-4.6917,-1.9002,-0.17276,0.008265,-0.3758
"637","PANX1",-0.057675,-0.096806,1.4543,0.086019,-0.0532,0.034547
"638","CDKN1A",-0.48038,-0.48184,-0.16814,0.047938,0.16407,0.22984
"639","CD47",-0.37647,-1.145,1.4854,-0.10633,-0.60373,0.53523
"640","AKT1",0.29672,0.20511,0.21925,0.067483,0.30377,-0.22986
"641","TES",-0.33773,-0.86643,-2.4357,-0.18351,-1.7686e-05,0.41236
"642","CANX",-0.12714,-1.262,-1.1309,-0.074107,0.020518,-0.087933
"643","CCDC167",-0.60873,-2.3018,1.0302,-0.77965,-0.97814,-0.1544
"644","TNFRSF10B",-0.30913,0.507,-3.2479,-0.48557,-0.27376,0.07659
"645","ABCA7",-0.0044622,0.17736,-0.39472,0.15651,0.048498,0.16041
"646","ADAMTS9",-0.1586,-0.99888,-0.80552,0.56977,-0.47916,-0.30201
"647","IKZF1",-0.098078,1.2308,0.0027251,1.2205,1.2978,-0.47196
"648","NT_66",-0.96476,-1.1074,2.6121,0.48807,-0.11762,0.52376
"649","PTPN22",-0.48764,-1.7221,1.7897,0.20634,0.49303,0.052259
"650","PTPRK",0.15551,1.1788,3.1869,0.041415,0.00050197,-0.4297
"651","ERAP1",0.76057,0.9216,-1.1657,-0.027325,0.064326,0.0081611
"652","CEP41",-0.44732,-1.1791,-0.26545,0.085059,-0.33988,0.43173
"653","NF1",-0.39298,-0.28545,-0.21409,0.22544,-0.39049,0.80768
"654","PSMB6",0.22392,-1.4448,0.16226,0.1126,0.11939,0.074145
"655","NT_37",-0.9655,-0.66561,1.6831,-0.50481,-0.067837,0.74522
"656","VNN2",-0.31868,-1.0438,1.3624,0.12606,-0.20088,0.26424
"657","NT_98",-0.95165,-6.1121,-7.1565,0.94029,0.6148,0.30446
"658","HNRNPK",0.74345,1.0853,0.2263,0.14667,-0.057453,-0.050999
"659","NRG1",-0.24633,-0.79438,-1.9858,0.038584,0.17739,0.29685
"660","DUSP3",1.0418,1.3282,2.4712,0.45681,0.26647,0.5987
"661","PHEX",-0.05852,1.5828,2.6287,0.028309,0.069181,-0.054696
"662","CCRL2",-0.17527,-0.99385,-1.5636,0.24407,0.16316,-0.90355
"663","FAS",-0.34788,0.86253,1.9872,-0.082666,-0.12335,-0.13998
"664","TPT1",0.92084,1.425,-0.1193,-0.2327,-0.58244,-0.080002
"665","SDC2",0.38338,-1.4297,-1.3907,0.51285,0.25412,0.47115
"666","ZNF514",-0.47729,-0.74634,1.8112,0.50621,0.26673,-0.030293
"667","GPR132",0.028375,0.36357,-0.44012,-0.22139,-0.40595,-0.40482
"668","LRFN2",-0.47478,0.19033,-4.4405,0.24491,0.30745,-0.21419
"669","AMICA1",-0.21121,-0.044397,1.6666,0.20347,0.079851,0.25353
"670","LAT",-0.44107,-0.56438,0.28935,-0.83555,0.014218,-0.51748
"671","NT_76",-0.92943,-2.1676,2.2601,0.34947,0.57367,0.043123
"672","NE_92",-1.06,-0.82794,-1.3449,-0.34329,-0.16733,-0.53999
"673","IL32",0.023309,0.086748,-0.57874,0.065048,-0.042608,0.17862
"674","NE_88",-0.94017,-4.7735,-3.5387,0.49561,0.22794,0.53121
"675","E2F1",-0.063354,-0.32252,0.61546,-0.26461,-0.0046998,-0.38195
"676","LGMN",-0.44344,-0.55158,0.11544,-0.19239,-0.1017,-0.046729
"677","KLRD1",-0.22009,-0.33938,-1.9537,0.58278,0.32422,0.55497
"678","TNR",-0.32012,-2.1708,0.47608,0.37549,0.21131,0.16152
"679","DMD",-0.30848,-3.0193,-3.1063,0.16953,0.32392,0.23657
"680","HLA-DPB1",1.3869,1.6805,-0.29622,0.64802,0.39069,0.10652
"681","ITCH",1.0107,0.79575,2.9373,0.035897,-0.34907,0.84287
"682","NUSAP1",0.25893,0.55903,2.657,0.73239,-0.36581,-0.25284
"683","MAN2A2",0.49193,1.0162,-3.8726,-0.030136,-0.1131,-0.085441
"684","NE_96",-0.99828,-1.2356,-2.1032,0.77408,0.52345,1.5329
"685","TNFRSF21",-0.085753,-0.93332,-1.5977,-0.37253,-0.10619,-0.50489
"686","ESR1",-0.27694,-0.24637,0.12039,0.12847,-0.43386,-1.1004
"687","CD226",0.65412,-0.5003,1.8385,0.45157,0.18983,0.20928
"688","XYLT1",-0.21699,-1.9708,-3.3427,-0.24045,-0.18532,-0.74053
"689","NCK1",0.35135,1.2795,2.2003,0.2839,0.70609,-0.52062
"690","QSOX2",-0.27943,0.34266,-0.55267,-0.45067,-0.43702,-0.28156
"691","SYNE2",0.44436,0.43895,0.062615,0.06336,-0.25302,-0.32094
"692","TEK",-0.41708,-0.22745,-0.46636,0.5305,0.17805,0.28025
"693","OFD1",-0.31146,-0.14867,-0.5589,0.31332,0.14474,0.29015
"694","NCF1",0.28402,0.26564,-0.58597,0.24286,0.066957,0.11734
"695","IL1R1",0.18619,0.23045,3.0605,0.025936,0.1025,-0.31514
"696","RIPK2",-0.0031005,-1.3292,-0.18133,0.52401,0.095555,-0.094246
"697","TMEM66",-0.40905,-1.2246,2.9823,-0.55706,-0.32701,-0.082789
"698","CRYAB",-0.093659,1.79,1.2831,0.034995,0.133,0.070729
"699","STAB2",0.45444,-1.4559,-0.55266,-0.16365,0.0058659,-0.23891
"700","FBXW11",0.12102,2.1609,-0.99287,0.19675,-0.37237,-0.88664
"701","BLK",-0.32833,2.0846,2.6062,-0.18457,-0.18342,0.02402
"702","RGS1",0.20113,0.97507,0.28453,0.9777,0.22104,0.5924
"703","NE_65",-0.74998,-0.74241,2.4881,-0.33708,-0.11795,-0.25719
"704","TP53BP1",0.86269,0.9204,-0.1385,0.3108,0.80638,-0.11929
"705","NE_28",-0.67092,-1.1576,-1.6315,1.0814,-0.35139,1.6904
"706","ITGB3",-0.14241,-1.0398,2.2169,-0.11972,0.38843,-0.21699
"707","HTR1F",0.4952,0.008309,2.6899,0.11367,-0.54857,-0.10163
"708","NT_47",-0.75128,0.91562,1.1861,-0.35226,0.1819,-0.92286
"709","MBL2",-0.45685,-0.55402,0.79308,0.61688,0.30867,0.77839
"710","ADAM10",-0.29755,-0.027918,1.3479,0.75198,1.4597,-0.38557
"711","JKAMP",0.6321,-0.5358,0.072341,0.48013,0.063453,0.2785
"712","BAX",-0.26595,-1.9538,-1.2005,0.23687,0.20097,0.61733
"713","NPTX2",0.35655,-0.4265,1.632,-0.93287,-0.27806,-0.30408
"714","NT_91",-0.61132,-0.17013,-4.0282,0.54647,0.42906,0.48479
"715","IGLL1",0.80547,1.4091,0.68157,-0.18038,0.05043,0.013744
"716","IFNAR1",-0.21638,-0.45553,0.70025,-0.10771,-0.23529,0.27155
"717","VAMP4",0.12159,0.19541,1.002,0.33274,0.39868,0.41387
"718","ANXA1",1.3087,0.24522,-0.1129,0.56948,0.35664,0.0064601
"719","SCARA5",0.10046,0.61408,1.1661,-0.0094324,0.66795,0.65354
"720","CD247",-0.057374,-0.26764,-0.88442,-0.013663,-0.07423,-0.1764
"721","SEMA4A",-0.29748,0.67898,-0.072717,0.2659,0.35381,-0.29912
"722","NE_70",-0.59803,-2.0406,-1.697,-0.35003,-0.3527,-2.2245
"723","STAT5B",-0.16001,0.66633,2.5118,-0.59138,-0.55322,-1.0103
"724","CYBB",0.12672,-0.8079,2.9573,0.52106,0.25362,0.40418
"725","MAP2K5",-0.34388,-0.58657,-0.60874,-0.29579,-0.1733,-0.70759
"726","PSME4",-0.065302,-1.416,-1.9629,-0.50363,0.17376,-0.34951
"727","TXNDC15",-0.13198,0.71319,1.135,-0.17415,-0.26901,-0.79925
"728","IL1RAP",-0.3477,0.14128,1.3123,0.49374,0.3368,0.32662
"729","NE_48",-0.65637,-3.9759,-6.8624,0.22456,1.3748,-0.81831
"730","CD9",-0.12858,0.562,-0.7115,-0.65337,0.17878,-0.25007
"731","SLC12A9",-0.45255,-0.11628,3.6608,-0.05881,-0.43577,-0.72567
"732","KISS1R",1.0094,0.80193,1.6661,-0.24949,-0.28516,-0.72561
"733","PSTPIP1",-0.28886,-0.67049,-2.0204,0.30735,0.046259,0.54478
"734","RTN4RL1",0.97698,0.84479,2.6304,-0.62221,-0.47097,-0.56896
"735","ADAM28",-0.31252,-0.94771,0.76757,0.52805,0.19287,-0.1674
"736","GBP1",0.40086,0.7552,2.7173,0.070986,0.057568,0.057896
"737","ACY3",0.096034,-0.038068,-1.8341,-0.23723,0.2009,-0.045972
"738","DFFB",0.206,0.92157,2.675,0.094407,0.67238,-0.80014
"739","ICAM1",0.12506,-0.22352,-0.79471,0.22804,0.12892,-0.26165
"740","NT_97",-0.59391,-1.1213,-2.8604,0.11037,0.49893,0.89613
"741","TTC3",-0.31111,0.14279,-0.21993,0.15615,-0.066969,-0.15573
"742","SERPINA5",0.9424,1.1477,1.849,-0.14824,-0.2899,-0.14663
"743","MRC2",0.32605,-0.11991,0.15018,0.38306,0.10571,0.26426
"744","PIK3CD",0.15133,-0.44916,-5.7114,-0.8842,-0.32907,-0.57649
"745","NT_46",-0.61634,0.83724,2.7388,-0.26841,1.1737,0.070171
"746","TTC36",1.3955,0.62641,0.66719,0.41714,-0.032952,-0.026134
"747","STAT4",0.50228,0.96778,-1.5154,0.70538,0.48876,0.60741
"748","PROM1",0.099581,1.5625,0.59819,-0.18207,-0.053909,-0.58542
"749","CD28",0.34193,0.2501,1.1533,0.77434,0.67528,0.2524
"750","C5AR1",0.26139,0.93636,0.8195,-0.14439,-0.15345,0.046735
"751","PRKDC",-0.21486,-1.0231,0.71427,-0.18309,-0.27757,-0.71224
"752","NE_87",-0.43818,0.63385,-1.3388,-0.35842,-0.1963,-0.040941
"753","PSME3",-0.12542,-0.90598,0.30887,-0.37122,-0.023509,-0.018149
"754","CNFN",-0.25298,-2.8001,-1.3881,-0.24609,-0.82793,-1.2286
"755","LRFN5",0.88157,-1.0245,0.19009,0.28938,-0.050815,0.4934
"756","NE_50",-0.49451,-2.3834,-3.4551,-0.69621,-0.018179,0.54524
"757","NT5E",0.35066,-1.053,0.14211,0.46186,0.21964,-0.24015
"758","DCTN3",0.15177,0.095713,-0.10952,0.55894,0.18013,-0.22121
"759","APOA1",0.9392,1.2551,2.8795,0.24157,0.22858,-0.97886
"760","SEPTIN6",0.48931,0.83367,-2.9277,0.11741,0.42485,0.11077
"761","ATP1B1",0.10511,-0.54933,1.215,-0.47552,-0.63023,-0.45984
"762","ANXA5",0.067971,-1.175,-1.8916,0.18593,0.47443,0.26905
"763","CD72",-0.281,0.80561,0.85129,0.28421,0.25491,0.39057
"764","NT_26",-0.42834,-1.2991,-0.24237,0.18086,0.58937,1.0958
"765","GPR65",-0.28071,-0.23327,-0.95007,0.28835,0.38307,0.44529
"766","CHN1",0.146,-0.80209,-0.0079006,0.034458,-0.27423,0.053936
"767","DEFB126",-0.15564,-1.8456,-1.9489,0.11774,0.2164,-0.037257
"768","PACC1",-0.066305,-0.79138,-4.0923,0.57269,0.7246,-0.28576
"769","NT_27",-0.47011,-0.41648,-2.4777,-2.0675,-0.99516,-0.68464
"770","PDE7A",-0.066889,-0.15548,0.62788,-0.12084,0.24453,-0.56684
"771","TMSB10",-0.39075,0.5296,-1.1573,-0.16244,-0.02818,0.0075131
"772","CEMIP2",0.23505,0.42121,0.27669,0.42586,0.33155,0.14921
"773","ERP44",0.64167,1.2719,-1.0401,0.24034,0.63409,-0.044003
"774","SH2B3",0.5096,0.64931,3.4959,1.4883,0.83278,0.56596
"775","DEFB115",0.42938,0.079049,-0.91843,0.22191,0.37039,0.67811
"776","CD40LG",0.73096,0.66745,2.171,-0.3096,-0.083399,0.089523
"777","ST3GAL3",0.45052,0.85371,-0.33867,0.17253,0.18059,-0.18168
"778","BBS10",-0.10895,-0.052511,0.32632,0.06597,0.072718,0.040146
"779","CD34",0.25656,0.18803,-3.4356,0.021763,-0.18619,0.39585
"780","NE_44",-0.38045,0.56442,2.3324,-0.036594,1.3911,0.54507
"781","SLC9A7",0.95461,0.28878,1.5981,0.31773,0.46809,0.15361
"782","CLCN3",0.42855,0.85181,2.7664,0.42306,-0.05127,0.39647
"783","CD4",-0.12022,-0.037258,2.4766,0.092962,0.095866,-0.072045
"784","ITM2C",0.92305,0.40013,1.7313,-0.24775,-0.35234,-0.63558
"785","IL10RB",0.13837,0.95461,1.9729,0.42914,0.18058,0.14822
"786","VCAM1",0.46132,-0.46559,4.2195,0.05654,-0.40745,-0.24273
"787","SLC1A3",0.11198,0.075949,-0.21731,0.43587,0.049302,0.13505
"788","IGJ",0.15011,-0.026241,2.7546,0.27011,0.52795,0.36439
"789","NE_45",-0.24536,1.3542,-1.0292,-0.40631,-0.37009,-0.28801
"790","GLTP",0.19313,-0.35123,-4.4652,0.26493,0.071158,0.42446
"791","BAD",-0.10778,-0.080381,0.13539,-0.094925,-0.42132,-0.011978
"792","ADAM2",0.20673,-0.054078,-2.318,-0.055178,-0.093585,-0.23297
"793","ABCC2",1.071,1.171,0.91903,1.0274,0.45417,-0.035753
"794","SLC43A1",0.045902,0.2629,0.043182,0.072748,0.25706,0.075611
"795","AAVS1",-0.26309,-1.5016,1.0686,0.066163,0.12157,0.86179
"796","PSMB9",-0.066651,0.4622,-0.45885,-0.096456,-0.48379,-0.085186
"797","EPHB6",0.0024007,0.68831,0.78505,-0.029772,0.15415,0.026919
"798","TSPEAR",0.63735,-0.40953,0.61329,0.44754,0.43056,0.18952
"799","ADAM9",-0.25712,-0.0043868,-0.90276,0.73183,0.13319,0.67406
"800","NE_57",-0.32878,0.28595,-1.1181,-0.34232,0.25074,-0.65176
"801","ASIC1",0.08934,-0.80051,-3.4099,-1.1557,-0.2575,-0.10213
"802","GRIN1",0.052428,-0.21587,0.44795,-0.34764,0.22556,-0.44933
"803","IL12B",0.36798,0.90959,-0.76675,0.18448,-0.12485,0.04172
"804","TMEM179B",0.38452,0.29347,0.35645,0.051939,-0.45453,-0.28485
"805","SCN5A",0.5652,-0.88991,-1.3748,0.0054031,-0.093156,-0.50764
"806","C10orf54",-0.0073505,-0.2329,-0.52368,0.049998,0.58568,-0.069803
"807","IL2RG",0.56826,-0.79658,-3.1517,-0.36971,0.6187,-1.0819
"808","ANKRD13A",0.093841,0.35462,0.60468,-0.026916,-0.22398,0.20575
"809","SOD1",-0.081424,-0.05047,1.7781,-0.47561,-0.45569,-0.16217
"810","CDH13",0.52687,0.83956,-1.0497,0.3745,-0.19573,0.19201
"811","EPHX3",0.28835,0.61709,3.501,0.18004,-0.22094,0.1211
"812","TMEM135",-0.25034,0.049126,1.295,0.070523,0.24879,0.031931
"813","GPR171",0.71436,1.172,2.2532,0.079542,0.46822,0.32219
"814","TXK",1.592,1.3112,0.43584,-0.62006,-0.39693,-0.86578
"815","DNAI2",-0.26148,-0.67754,-1.1995,-0.17265,-0.50906,-0.032436
"816","P2RX7",0.17818,0.18154,-1.0536,0.1461,0.56202,0.13482
"817","EDEM3",-0.094017,0.21304,-0.83367,-0.35612,-0.070144,-0.098526
"818","Bas_Safe",0.1909,-0.22437,-1.294,0.50965,-0.23845,-0.0084861
"819","ISLR2",0.28811,-1.0616,0.60635,-0.18528,-0.50421,-0.19849
"820","NE_51",-0.16424,-1.594,-0.91672,-0.40118,-0.21064,0.0054135
"821","NT_36",-0.13327,-1.4405,-3.3135,0.8196,0.42223,1.1354
"822","CD27",0.089696,1.1548,-4.9682,-1.0237,-0.5618,-0.93868
"823","LEP",0.027344,0.50205,1.0616,0.52468,0.25592,0.2782
"824","NE_74",-0.26098,-1.9609,-1.0464,-0.9293,-0.99809,-1.1426
"825","JAK2",-0.02349,0.48989,-0.25133,-0.34932,-0.15252,0.41016
"826","POLR2A",0.75312,-0.26435,1.5869,-0.10643,0.15405,-0.01107
"827","SELL",0.39279,-0.67181,-2.3278,0.12476,0.02839,-0.14086
"828","ZNF442",0.70716,0.54572,1.296,0.37973,0.45033,-0.76775
"829","IL20RB",-0.036358,-0.27928,-0.46281,-0.28319,0.16075,-0.044321
"830","IQCJ-SCHIP1",0.82059,0.98802,1.9604,-0.65742,-0.5426,0.073879
"831","B3GNT2",0.0039075,1.2009,-2.1783,-0.57319,-0.27035,-0.40522
"832","NE_37",-0.090894,-1.9449,-1.9019,-0.33254,0.41792,-0.3771
"833","ZBTB1",0.70232,-0.78015,2.04,-0.020236,-0.50877,1.0759
"834","CD3D",-0.044455,-0.28736,5.1718,0.22723,0.21616,-0.22624
"835","IL2RA",0.84334,-0.80938,-2.3215,0.34571,-0.29491,0.54496
"836","VAMP1",0.14574,0.83717,-0.44239,-0.31065,-0.13151,-0.086069
"837","MSANTD4",0.58119,0.82549,3.8555,0.43432,-0.05843,0.61136
"838","NE_69",-0.00088321,-0.28639,1.9934,0.78281,-0.18484,0.24541
"839","BSN",0.089517,-0.35981,4.5633,0.086519,0.10489,-0.34253
"840","TEC",0.16005,-0.8263,1.4118,-0.2641,-0.58537,-0.70288
"841","CSPG4",-0.16317,0.42934,1.0813,0.10525,-0.17788,-0.044636
"842","GLB1",0.059688,-0.26977,-1.1342,-0.16215,0.0041685,0.029881
"843","SERPINE2",0.84655,1.0483,3.1334,0.10469,-0.0732,-0.38933
"844","HLA-F",0.87179,0.49488,1.6254,-0.27499,0.12552,0.65125
"845","KRT4",0.35615,0.54982,0.80101,0.17539,-0.21623,0.97716
"846","TLR3",0.24345,2.0821,2.5824,0.2774,0.53829,-0.1397
"847","NT_92",-0.13152,0.89501,2.721,0.10421,-0.28882,0.87643
"848","TFPI",0.44795,0.87372,2.0509,0.25089,0.060072,-0.21242
"849","ACVR1B",-0.30004,-0.44978,-0.45347,0.07503,0.036069,0.39681
"850","DEFB119",-0.033296,0.4665,1.7205,0.76859,0.51511,0.51473
"851","C11orf80",0.82405,0.90198,-0.41911,-0.2228,-0.32429,-0.77098
"852","PAX5",-0.056397,-0.59903,2.4386,0.14371,0.15124,0.30402
"853","CLSTN2",0.030203,0.48017,-0.50915,0.29296,0.78303,0.31389
"854","FCGR3A",0.019261,0.48461,0.28229,0.23324,-0.14249,-0.018225
"855","CLMP",0.61029,0.16654,-0.56739,0.23508,-0.12743,0.91956
"856","DEFB133",0.58434,0.39881,1.0711,0.60981,0.73132,0.095446
"857","CERS2",0.38369,0.20735,0.72748,0.12059,0.16891,0.31986
"858","H1F0",0.22614,1.0712,1.7256,0.014555,-0.42866,-0.44129
"859","HSP90AB1",-0.063891,-0.1033,0.5212,-0.89165,-0.35364,-0.52619
"860","SDC1",0.30728,1.5721,-0.7281,0.033,0.17171,-0.48919
"861","NAGPA",0.37534,-2.3549,-2.7015,-0.53112,-0.29859,-0.1673
"862","PKD2L1",0.27383,1.239,1.6043,0.67419,0.62948,0.050408
"863","NCL",-0.041742,-0.10679,0.70732,-0.003863,0.096615,-0.11052
"864","FADD",0.97316,0.28621,0.43373,-0.064311,-0.19029,-0.2633
"865","PIK3CB",0.92874,1.9164,1.5956,0.34238,0.26311,0.44364
"866","FCER1A",0.5876,-0.1702,-0.29718,0.31912,0.41216,0.18792
"867","GNS",-0.018207,0.65259,-0.89984,0.078568,-0.026696,0.097237
"868","PPARG",0.2138,1.1568,-1.124,-0.13843,0.14199,0.46129
"869","ZNF136",-0.057466,0.12085,0.0096855,-0.068058,0.071596,0.14705
"870","NEIL1",-0.026696,-1.1171,-2.8974,0.082698,-0.78176,0.25642
"871","NT_44",0.024061,-0.72249,-2.3147,0.69502,0.4716,0.69278
"872","BEX2",0.0086165,0.44822,-0.5794,0.34233,0.68173,-0.23586
"873","RAD23B",0.083467,-0.73687,-1.4485,-0.058425,-0.2777,0.048458
"874","VTCN1",-0.039992,0.70409,0.72102,-0.34644,-0.028842,0.59664
"875","LAMP5",0.20919,-0.15222,1.4802,0.030967,-0.24653,-0.37166
"876","TGFB3",0.080309,0.84632,-2.0368,-0.38204,0.23558,-0.29169
"877","FGFBP1",0.3875,-0.50262,-0.347,0.48001,0.0093305,-0.69544
"878","KCNH5",0.22778,-0.037289,2.2735,0.28019,0.37255,0.11327
"879","SLC12A7",0.93904,0.55284,0.63258,-0.60711,-0.072428,0.35681
"880","HSP90AA1",0.1348,0.31058,-1.6953,-0.32643,-0.63775,-0.40927
"881","NE_78",0.093443,-1.0393,-2.4828,0.14335,-0.43261,-1.7542
"882","DEFB134",0.059438,1.3802,-1.1785,0.53523,0.092853,1.0535
"883","SLC2A4",0.063851,0.96258,1.7633,-0.52462,-0.33297,-0.30497
"884","EFNA5",0.59683,0.50735,2.5915,-0.14205,0.13407,0.0017298
"885","TRPV2",0.73257,0.29661,-0.20387,-0.090496,0.53171,0.12004
"886","XCL1",0.40881,0.11226,4.484,-0.035006,-0.27689,-0.20226
"887","LY9",0.19083,-0.71345,1.1235,0.030723,0.50907,-0.090925
"888","TIMP1",-0.085637,-0.53222,1.0644,0.27656,0.43128,-0.021375
"889","LRRTM1",0.3137,0.25008,1.1201,0.042227,-0.080933,1.0186
"890","NE_90",0.13149,-2.2801,4.2784,-0.4671,-0.46985,-0.67669
"891","DEFB105B",-0.12744,0.41279,2.1689,0.67134,-0.16121,0.81109
"892","NT_99",0.12757,-0.58451,-3.2662,0.23891,0.019683,0.60505
"893","PSMC3",0.31682,2.1769,-0.151,0.19471,-0.20028,-0.95646
"894","AMBP",0.34217,0.65324,0.54858,-0.018731,0.062332,0.44604
"895","NE_80",0.13865,0.13511,-0.086486,-0.20828,-0.028522,-0.049727
"896","CD19",0.37878,1.0621,1.8135,0.14562,0.10089,0.17597
"897","TP73",0.35596,0.035684,0.81666,0.35436,0.451,0.13877
"898","NE_29",0.14152,-0.12449,4.9361,-0.6692,-1.18,-0.90975
"899","NT_53",0.16316,-0.48144,-3.5251,0.33002,0.25012,0.75053
"900","CR1",0.79467,1.4923,-1.0874,-0.12307,-0.37924,0.40941
"901","VDAC2",0.68203,0.82905,0.82255,0.12799,-0.0052462,-0.48926
"902","DEFB112",0.31313,-0.30937,-0.098928,0.44935,0.38648,0.098644
"903","SLC7A11",0.14644,0.4358,0.39083,-0.15392,0.35365,0.57662
"904","DEFB124",-0.13024,-2.078,1.4786,0.36156,0.49301,0.20663
"905","MMP7",0.51895,-0.056691,-1.1681,0.016277,0.41609,0.32076
"906","LDLR",0.50837,1.1026,2.3261,0.14984,0.049257,0.34694
"907","NT_71",0.18444,-1.9323,2.5726,1.2476,0.26638,0.2392
"908","SLAMF6",-0.025586,-1.5574,0.47119,0.19687,0.24413,0.53334
"909","SLC29A1",0.078429,-0.011257,0.46963,-0.10925,0.13135,0.44442
"910","SPOCK2",0.18719,-0.4456,0.36848,-0.66489,0.2903,-1.2582
"911","LMBRD1",0.65503,0.95774,1.0809,0.22934,0.11325,0.17075
"912","ZNF502",0.02988,-0.25939,1.8415,0.093678,0.11074,-0.27435
"913","HCST",0.36747,0.70868,3.0072,-0.13344,-0.18697,-0.061594
"914","FGFR3",1.2711,-0.16356,2.4145,-0.15791,0.30401,0.17034
"915","CLN5",0.09451,-0.23059,-1.1182,0.43825,0.075943,0.30168
"916","NT_85",0.20851,1.0308,1.888,0.57455,0.081405,0.071543
"917","EGFR",0.85091,-0.28579,2.1524,0.57845,0.57781,1.7396
"918","RPS10P5",-0.053492,-0.63623,-1.2315,-0.20401,-0.26721,0.39409
"919","SAMHD1",0.74959,0.074391,-0.082385,-0.11594,0.079514,0.015271
"920","IL21R",-0.044716,-1.2786,1.8295,-0.39621,-0.68094,0.20886
"921","SLA2",0.054911,0.25594,-0.30546,0.61936,0.49942,-0.3895
"922","RTN4RL2",0.30277,0.0093084,-0.39591,-0.51335,-0.3872,-0.3554
"923","NOTCH2",0.21718,1.4863,1.4726,0.39497,0.64348,-0.044781
"924","NE_75",0.21318,-1.0528,-2.3398,0.60404,0.10073,0.08075
"925","IL13",0.41939,0.23057,-0.37784,0.086529,0.11257,0.26361
"926","IL1RAPL1",0.040868,1.6814,2.7344,0.2335,0.048463,-0.045289
"927","PDE4B",0.74398,0.15247,1.0006,-0.046974,-0.48516,0.20748
"928","LPAR1",0.76519,0.17813,1.2135,0.42244,-0.1553,0.23419
"929","PLAUR",-0.0056654,0.47496,-1.5162,-0.031083,0.22618,-0.31173
"930","CD83",0.51948,-0.1551,1.0625,-0.063974,0.24544,0.035199
"931","IL17RB",0.20193,-0.10778,0.43835,-0.55894,-0.4186,0.30854
"932","TIRAP",0.42057,-1.0941,2.0314,-0.19479,-0.30239,0.63907
"933","CD38",0.48019,0.26574,0.68226,0.55244,-0.013397,-0.16663
"934","NT_65",0.26886,-2.4142,-2.4696,0.42726,0.73594,-0.016522
"935","IFNLR1",0.30631,1.0924,1.5796,-0.26508,-0.12643,0.5255
"936","THEMIS2",0.12514,0.60447,-0.22775,0.017586,0.42568,-0.36994
"937","GLMP",0.062788,-0.026885,-0.22052,0.039934,-0.22826,-0.17793
"938","LRFN4",1.3532,0.46763,-0.76737,-0.291,-0.24608,-0.15809
"939","CD209",0.85901,-0.013938,-0.36939,-0.17437,-0.38422,-0.18532
"940","NE_61",0.30183,2.4616,0.45998,-0.71083,-0.015235,-1.2651
"941","PLCE1",1.165,0.48818,1.3323,-0.43349,-0.27735,0.060027
"942","CALR",-0.00038469,-0.93693,-0.51509,-0.065112,0.41531,-0.9571
"943","CFTR",0.29069,-1.0608,-1.4009,-0.89692,0.33315,0.28853
"944","PLXNB2",0.38758,0.3894,-0.51515,-0.016769,-0.16448,0.49168
"945","ZFYVE19",0.064337,0.57027,0.19616,-0.95731,-0.44411,-0.38005
"946","LZTFL1",1.3078,0.88953,1.428,-0.089422,-0.33024,-0.079485
"947","FCER2",0.98024,1.2639,0.80981,0.038354,0.34251,-0.49707
"948","IQGAP2",0.095963,-0.10986,-1.2861,-1.0639,-0.092726,0.1543
"949","IL15RA",0.37492,0.68192,3.0134,-0.46263,-0.10585,-0.23258
"950","RBCK1",0.64424,1.0985,-1.9732,0.21228,0.49666,0.35575
"951","CD3G",0.027594,0.45514,3.1313,0.0022331,0.14795,0.32196
"952","ADAM15",-0.14291,0.36104,-1.8988,-0.2693,-0.1707,0.00075374
"953","RAMP2",1.0896,2.2439,2.1979,0.00051048,-0.34906,0.37372
"954","C1QTNF6",-0.011075,-0.19184,0.73178,-0.13484,0.002656,-0.016213
"955","RTP5",0.53702,-0.59678,-0.1841,-0.13318,-0.40571,-0.31224
"956","GHSR",0.02775,-0.21467,0.11476,0.016133,-0.074255,0.15182
"957","DEFB131A",0.23803,0.68691,-2.1925,-0.17314,0.38798,0.31378
"958","CDHR3",0.0064264,-0.45426,-0.78855,-0.40738,0.10163,-0.037299
"959","NRAS",0.060699,1.8771,2.1489,0.27768,-0.17899,0.28847
"960","IGSF8",0.40984,0.37687,-0.97201,-0.69056,0.086076,-0.73988
"961","TMEM87A",0.16193,1.0007,0.083248,-0.15465,-0.32314,-0.089102
"962","KCNK17",1.5209,1.3869,0.61419,-0.6936,-0.49234,-0.60442
"963","ITGB8",0.80901,0.54507,2.8709,0.63097,-0.15973,-0.35915
"964","IL1RL2",0.15408,0.80802,2.896,0.39178,0.44215,-0.2238
"965","ITGA5",0.61604,0.51905,2.3245,-0.21184,0.0623,-0.79756
"966","CRKL",0.39032,0.35497,0.48619,-0.025674,-0.28442,-0.036052
"967","HTR3B",0.25042,-0.46954,-1.3624,0.42213,0.035114,0.64696
"968","CCR9",1.0398,0.40389,-1.3912,-0.049213,-0.087293,-0.3116
"969","NT_29",0.39668,0.95657,1.8017,-0.49691,0.67704,0.20211
"970","NE_52",0.36975,0.2824,3.3023,0.19525,0.10881,0.22013
"971","MFAP4",0.2542,0.50577,2.0302,-0.13785,-0.089001,-0.024024
"972","CD3E",0.2654,0.71145,1.3153,0.17415,-0.21528,0.089417
"973","FAM189B",-0.063859,-0.27236,-1.0958,-0.64167,-0.085139,-1.7111
"974","FAP",0.99792,0.60907,1.03,0.57081,0.41609,0.13928
"975","LRP4",-0.093187,-0.42355,-0.08221,-0.52256,-0.28907,-0.72282
"976","PLA2R1",0.16761,-0.97839,1.7669,0.0028585,0.22569,-0.40677
"977","LGALS1",0.039396,-1.328,2.2486,0.12194,-0.99065,-0.66444
"978","SLC1A2",0.012587,-0.73428,-1.4811,-0.28593,-0.40418,-0.65174
"979","GLTSCR2",0.025649,-0.62517,-0.22917,-0.038215,-0.14178,-0.043587
"980","GGT6",0.36066,0.78842,0.18566,0.5105,-0.21453,0.61054
"981","SPIRE1",0.52091,-0.51382,0.31969,0.097148,-0.014136,0.41618
"982","EPHA2",0.80293,-0.55905,0.91195,-0.061093,0.33222,0.1071
"983","PSMD10",1.0981,1.6195,2.0669,-0.037791,0.43976,0.86252
"984","CSF2RA",0.72897,0.92989,1.4761,0.51298,0.46108,0.15859
"985","PLXNB3",1.2883,0.28886,1.4663,-0.030422,0.44036,0.12589
"986","KRT16",0.18578,-1.0032,1.5814,0.25698,0.29419,0.66446
"987","JAK1",0.059612,-0.16367,0.5699,-0.1598,-0.10361,-0.56662
"988","LCAT",0.13753,0.33708,-0.41615,0.095437,0.03947,-0.20081
"989","KCNH1",0.43063,0.95353,0.40269,-0.034889,0.06479,0.27239
"990","CD2",0.035429,-0.2487,-1.2169,-0.60109,0.12299,-0.40572
"991","SLC39A10",0.35415,0.3818,-1.9683,-0.57731,0.047891,0.44698
"992","DEFB106B",0.67581,0.29754,1.1848,0.19908,-0.10276,0.54842
"993","NE_68",0.48642,-0.41389,-1.2982,0.37627,-0.6265,0.014362
"994","PSMB10",0.035946,1.8842,1.0826,0.3854,0.028585,-0.1691
"995","HFE",0.58163,1.2418,1.7432,-0.3206,0.1409,0.4263
"996","LAG3",0.12326,0.70517,1.3461,0.46423,0.11749,0.49118
"997","FXYD7",1.3188,-0.023102,1.164,0.21159,0.4408,0.038412
"998","NT_28",0.46685,-1.0345,1.1059,1.241,1.3045,0.032395
"999","MEFV",0.28946,0.38237,0.65807,-0.031674,0.11179,0.045991
"1000","NE_53",0.51231,1.5829,1.9437,0.66026,-0.25544,0.23838
"1001","VASN",0.18799,0.89966,1.8859,0.16764,0.39607,-0.071944
"1002","MPEG1",0.4348,0.33734,0.13724,-0.28564,-0.57233,-0.13469
"1003","BRCA1",-0.026455,-1.8052,0.55378,-0.48095,0.27032,-0.13867
"1004","SLC12A5",0.18481,1.4478,1.0452,0.51924,0.18915,0.41933
"1005","SLC1A5",0.26352,-0.87848,-0.16002,-0.38367,-0.058239,-0.41238
"1006","SATB2",-0.088137,1.7116,0.88036,0.18517,0.0922,0.35794
"1007","GPR107",0.2927,-1.2779,0.21321,-0.062783,-0.25687,-0.46168
"1008","DEFB123",0.59108,0.2287,1.7104,-0.025279,-0.16456,0.25573
"1009","BSG",1.0563,1.2139,1.5285,-0.15193,8.2865e-05,-0.1248
"1010","CASP8",0.46897,-0.5831,0.7255,-0.99767,-0.64347,-0.059469
"1011","IL5RA",0.82229,1.7943,0.29326,0.011347,0.31189,-0.040972
"1012","KCNE2",0.07407,0.51703,0.2795,0.28746,0.91038,0.94693
"1013","ITPR1",0.01511,0.37354,-1.0508,-0.39989,-0.27157,-0.96838
"1014","TPM2",1.0595,0.87787,0.29658,-0.01009,0.024316,0.32934
"1015","CCDC42B",0.81849,1.2354,-0.23488,-1.0733,-0.5471,-0.080736
"1016","GLRA1",0.49986,0.89756,1.4868,0.23154,0.10923,0.094387
"1017","WDR73",0.14632,-0.29688,-2.1954,0.099045,0.25096,0.60034
"1018","HHIP",0.73134,2.8353,2.1143,0.158,0.32211,0.26185
"1019","WDFY2",0.60275,2.3735,2.4953,0.18572,-0.29941,0.45536
"1020","HBEGF",-0.047382,1.0286,-1.4164,-0.24156,-0.20557,-0.09193
"1021","ACVRL1",0.56544,0.58658,2.5502,-0.25416,-0.25381,-0.3936
"1022","TDGF1",0.71997,0.81358,0.90344,0.03329,-0.20082,0.67766
"1023","XRCC4",0.33122,-1.0526,0.69295,0.015012,-0.033162,0.11719
"1024","SNORA7A",0.47127,0.15358,1.7437,0.42952,0.13728,-0.081212
"1025","NAAA",0.49986,-0.035366,-0.5371,0.016987,0.096687,0.091306
"1026","DUSP6",0.16981,0.10623,0.66858,-0.23662,-0.3682,0.83588
"1027","SFTPB",0.17097,-0.67175,1.7951,0.23835,-0.22147,-0.12722
"1028","NKG7",0.043319,1.538,2.3524,-0.13879,0.020287,0.10387
"1029","SORL1",0.59953,1.5722,0.0026794,0.52154,0.055877,0.47675
"1030","NT_74",0.593,1.387,2.3819,0.069791,0.036856,-0.89669
"1031","IRF8",0.69647,-0.35249,-0.062306,-0.10528,-0.081076,0.017795
"1032","RAD21",0.17753,-0.23506,0.81333,-0.38263,0.35319,0.22887
"1033","F10",0.24678,0.52365,0.27774,0.18732,0.34761,0.053684
"1034","RUNX2",0.15521,1.2584,1.6848,0.038105,0.21614,0.17884
"1035","NT_83",0.59193,-0.67591,1.2662,0.60404,-0.1002,-0.2398
"1036","SYK",0.4301,1.0513,0.99919,-0.16892,0.45096,-0.73179
"1037","SPIN3",1.1231,-0.27043,1.5616,0.35398,0.17377,0.83445
"1038","S1PR4",-0.084819,0.17746,0.8996,-1.9529,-1.0345,-1.9678
"1039","FLT3",0.080098,0.63219,0.64163,-0.58638,-0.45148,-0.51512
"1040","NE_93",0.60738,0.29468,5.7039,0.3191,0.36704,0.91148
"1041","ANK3",-0.041716,-0.69399,2.1164,-0.072968,-0.06354,-0.089902
"1042","CNTNAP2",0.10514,-1.5137,2.4786,0.2551,-0.095931,0.58369
"1043","NPR3",1.4072,0.86641,3.5449,-0.14403,-0.27711,-0.66804
"1044","BCL11B",0.60083,-0.15136,0.46878,-0.035572,0.20977,0.21433
"1045","NT_48",0.64498,-0.099507,0.24981,1.1503,0.42406,0.61204
"1046","REL",0.018749,-0.77249,-0.77932,0.97264,0.11817,-0.17559
"1047","EFNA4",0.67348,0.74845,1.0995,0.48548,0.30274,0.65304
"1048","CD68",0.65112,0.83193,2.5579,-0.15423,-0.16898,0.41584
"1049","EMP3",1.0142,0.8857,1.2745,0.53616,0.13864,0.56832
"1050","LY6D",0.22897,1.6617,-0.14598,0.32573,0.66195,0.12672
"1051","SCARB2",0.69791,0.84691,0.31776,0.090043,-0.10807,0.452
"1052","LIG4",0.18412,1.5234,0.39619,-0.45086,-0.24846,0.46511
"1053","HLA-DQB1",0.014707,0.017516,1.6693,-0.15938,-0.069417,-0.46374
"1054","TMC1",0.27844,-0.97909,-0.21056,0.50671,0.0071956,0.52248
"1055","LFNG",0.0038422,-0.44422,-1.6167,0.42503,-0.021396,0.20373
"1056","PKN2",0.029696,-0.63707,2.5658,-0.3496,0.15961,-0.32078
"1057","SEMA7A",0.56441,0.42728,0.90431,-0.060968,0.080592,-0.43198
"1058","NREP",1.6137,2.2713,0.48688,-0.20468,0.30546,-0.17117
"1059","ENTPD1",0.14562,0.32706,0.68249,-0.17184,0.67172,0.65994
"1060","ZNF543",0.29565,-0.085759,1.6882,0.29708,-0.37979,-0.66428
"1061","TRPC4",1.2012,2.0309,3.207,0.1762,0.79281,1.0473
"1062","NT_30",0.7317,-0.23076,0.83719,-0.047459,-0.87129,1.1166
"1063","NT_35",0.7668,1.3372,3.0896,0.092654,0.33186,0.44176
"1064","HYOU1",0.075103,1.2571,-0.20499,-0.73726,-0.52194,-0.16462
"1065","EMB",0.24468,0.67388,3.3516,-0.6391,0.16123,0.24277
"1066","NT_80",0.71052,0.59066,5.7693,-0.0028595,-0.25466,1.0008
"1067","SLC22A11",0.7913,0.15587,0.99686,-0.29328,0.1657,-0.086927
"1068","SHH",0.35174,0.95369,0.44465,-0.67504,0.047247,-0.33524
"1069","IL23R",1.1486,1.5659,2.5251,0.21686,0.026093,0.081892
"1070","TNFSF18",0.18583,0.41989,2.0019,0.58986,0.5668,0.53153
"1071","SLC6A2",0.73379,1.6078,0.78029,0.15473,0.15535,0.16588
"1072","DEFB127",0.72881,0.19484,-0.67512,0.15412,0.29141,0.086834
"1073","CD86",0.72017,0.16916,0.042933,0.1115,0.0084459,-0.50859
"1074","CTSC",0.44597,0.64579,-0.61028,-0.1197,-0.014166,0.23425
"1075","ITGAE",1.234,0.83734,1.1621,0.28176,0.092429,-0.21255
"1076","SLC11A2",0.13614,-1.5394,0.69244,0.5066,0.16099,-0.16114
"1077","SLC44A2",0.76653,0.137,2.054,-0.0040328,0.19767,0.015246
"1078","SELP",1.7538,1.6918,1.0713,0.54105,0.14113,-0.84244
"1079","NT_90",0.83581,-0.32392,2.0502,0.57509,-0.26021,0.30928
"1080","NE_86",0.85038,0.73723,-1.1186,0.28217,-0.30565,0.28002
"1081","PDPN",1.0012,1.2047,3.6191,0.37286,0.6697,0.035314
"1082","NE_62",0.82551,1.7702,-3.0603,-1.1646,-0.33374,-1.3482
"1083","BTK",0.69183,-0.41153,-0.76972,0.12461,0.37896,0.090704
"1084","S100A10",0.91645,-0.39553,3.6212,0.44836,1.0708,0.56926
"1085","NE_91",0.851,0.62977,-0.55489,1.1101,-0.30224,0.13193
"1086","RAB11FIP1",1.5524,0.1205,0.59319,0.068603,0.2386,0.18137
"1087","EDEM1",0.23892,0.88719,0.50081,0.1821,0.01832,0.27717
"1088","FGB",1.6807,1.9061,2.8099,0.16978,0.054321,-0.49623
"1089","ACSL3",0.87423,0.37694,0.99676,-0.019005,0.01581,-0.76126
"1090","FZD5",0.66478,0.2726,3.0736,0.29516,0.034839,0.43619
"1091","NE_56",0.89822,1.7548,2.4883,-0.59319,0.19826,-0.92956
"1092","HLA-DRB5",0.43674,0.28209,1.7001,0.79628,0.55742,0.081848
"1093","NT_49",0.88315,1.1413,-0.20727,0.16244,0.79474,0.24867
"1094","PDGFA",1.0456,0.26142,0.029474,-0.41402,-0.07737,-0.52339
"1095","PECAM1",1.6088,0.89284,1.3865,0.39846,0.17123,0.52056
"1096","S100A11",0.81583,0.066845,-0.92792,-0.33089,0.3309,-0.29213
"1097","GAS6",0.21923,0.90598,1.8183,0.26626,0.21088,0.45485
"1098","NT_87",0.9444,0.38566,-0.25549,0.058777,0.17041,0.28309
"1099","ST6GALNAC6",0.28012,1.1098,-0.59643,0.19415,0.15633,-0.1266
"1100","SNRNP70",0.42888,-0.13212,0.50222,0.21496,-0.22523,0.49827
"1101","BEX1",0.18587,0.45151,-2.0402,0.41457,-0.0021067,0.026515
"1102","LAYN",1.3079,2.0009,0.86286,0.052132,-0.095416,0.29787
"1103","GIMAP7",0.83268,1.1583,1.3813,0.039867,-0.39177,0.29941
"1104","NCSTN",0.23103,0.69169,-0.2936,0.18902,0.45765,0.45681
"1105","NT_56",0.92853,-1.117,-1.6495,0.63251,0.7052,-0.32349
"1106","AREG",1.068,0.68196,2.6906,-0.31082,0.026815,0.11802
"1107","AOC3",0.77499,-0.10536,-1.7306,0.34401,0.90908,-0.17817
"1108","WNT4",0.4585,0.73926,2.2138,-0.022232,-0.16751,0.12177
"1109","NT_61",1.0225,2.6833,0.76499,0.7918,0.61848,0.58366
"1110","TLE4",0.65648,0.020225,2.9032,0.14973,-0.41792,-0.050454
"1111","YES1",0.35943,-0.82717,0.94908,-0.16642,-0.32455,0.29088
"1112","FXYD5",0.30389,0.79331,0.57808,-0.37012,-0.24967,-0.28614
"1113","BMP10",0.11587,0.70496,-0.32228,0.3688,0.52518,-0.15801
"1114","AEBP1",0.47306,-1.1559,-2.4064,-0.18837,-0.45643,-1.2587
"1115","F2R",0.6666,0.60218,-0.77947,0.48062,-0.032986,0.30593
"1116","NT_88",1.0965,0.98945,2.3231,-0.050792,0.47377,0.26383
"1117","FZD6",1.3139,0.89099,4.3126,0.046862,-0.48808,0.43897
"1118","POGLUT1",1.0799,0.89632,0.2649,0.46494,0.15793,-0.040486
"1119","VAMP5",1.6582,1.1976,1.1141,0.64391,0.11701,1.0144
"1120","PTEN",2.1785,2.3738,3.7899,-0.56085,-0.32262,0.68971
"1121","NT_95",0.94257,1.0964,-1.3289,0.58477,0.64075,0.38963
"1122","CD79A",0.45475,0.71512,-0.017412,-0.058181,-0.36271,0.21301
"1123","NE_89",1.03,0.90135,2.1425,-0.20191,0.1867,0.12733
"1124","KRT10",0.9771,-0.27457,2.2341,0.0305,-0.098362,-0.33027
"1125","NE_36",1.1171,-0.95986,3.8988,0.58433,0.57911,0.29744
"1126","NT_58",1.0784,2.3021,2.0797,0.76212,0.36207,0.33315
"1127","F2",0.9734,-0.1554,0.096873,-0.17902,0.012383,-0.023561
"1128","NE_32",1.0276,1.3102,0.082251,-0.1276,0.12694,-0.34875
"1129","ANO9",1.5002,-0.65078,0.059743,0.081252,-0.49292,-0.30576
"1130","MMP16",0.52834,1.0997,3.4285,-0.10166,-0.038669,0.17768
"1131","GFRA3",1.6872,0.5047,2.7092,-0.52181,-0.23884,0.23154
"1132","LPAR2",0.2368,0.7515,-1.3936,0.21903,0.43903,-0.021677
"1133","IDE",1.7586,1.4089,1.6826,-0.49273,0.68182,-0.056331
"1134","RASGRP1",0.20913,-1.1343,-1.3651,0.33961,0.032548,-0.20555
"1135","NT_81",1.0753,1.0208,-1.2062,0.13432,-0.12389,0.37354
"1136","ICAM3",0.3808,-0.51773,1.7506,0.23983,0.19817,-0.27486
"1137","NE_83",1.1028,1.0065,1.8272,0.46724,0.10662,0.834
"1138","MRC1",0.83257,0.51426,-0.32153,-0.29523,-0.13862,-0.17628
"1139","C8orf55",0.84008,0.39819,0.28758,-0.45541,0.040823,-0.59582
"1140","CEACAM1",0.74817,1.1247,0.58016,0.31912,-0.083464,0.27895
"1141","ITGA8",0.76435,0.14629,2.5631,-0.10924,-0.21549,-0.43499
"1142","BTNL2",0.81176,0.48141,0.72274,0.37179,0.19077,0.55557
"1143","NT_93",1.2429,3.0501,4.0722,0.19934,-0.13696,0.025688
"1144","NE_27",1.1926,1.8104,5.806,-0.31836,0.10476,-0.48413
"1145","MS4A4A",0.42895,0.33693,2.186,-0.20092,-0.29455,0.027136
"1146","NE_77",1.2452,1.8229,-1.8406,0.42483,-0.41855,0.41873
"1147","XPC",0.86192,1.2221,0.20477,-0.43406,0.067609,-0.49295
"1148","CD5",2.4577,0.90473,-1.9311,0.45038,-0.10771,-1.5956
"1149","NT_72",1.2419,2.5543,4.5117,0.58135,0.29974,-0.53277
"1150","PROM2",0.9449,0.36824,1.9691,0.20282,0.3468,-0.77077
"1151","PSMD9",0.21966,1.0274,0.78128,0.32982,-0.20262,-0.25275
"1152","FGFR2",0.39115,1.0996,0.4434,0.21265,-0.35868,-0.23728
"1153","SEMA4D",0.28468,1.1372,1.9264,0.35892,0.17005,0.047539
"1154","FUCA2",0.29414,0.33833,-0.97288,0.12299,-0.035931,-0.47758
"1155","PAK2",1.1292,2.1864,3.8731,0.054954,-0.015506,-0.071294
"1156","TREML1",0.81268,0.94067,-1.3521,-0.34653,-0.114,-0.32784
"1157","NE_49",1.2479,0.45048,5.3003,-1.5232,-0.43255,-0.82477
"1158","OTOA",0.96622,-0.20168,1.6541,-0.38345,-0.35427,-0.2113
"1159","NAPSA",0.82027,0.26036,2.3656,-0.30631,0.26199,0.2173
"1160","PSMA1",0.42269,-0.076947,2.0989,0.42312,0.94746,-0.05371
"1161","LILRA4",1.0432,0.63856,0.97343,-0.0095987,0.49408,0.7239
"1162","NE_98",1.3017,0.67518,1.7184,-0.010118,-0.56285,-0.13082
"1163","NE_54",1.1474,1.6709,2.0784,0.74608,1.1131,-0.9358
"1164","NT_55",1.2355,-0.047986,-1.1223,1.5896,1.4965,1.2622
"1165","IGF1R",0.67813,0.47918,-0.50791,0.15462,-0.066723,0.41756
"1166","SLC9A3",0.64477,-0.046681,2.6434,0.19108,-0.16508,-0.2125
"1167","CLEC9A",0.56113,0.21111,2.4218,0.49482,0.045413,0.32966
"1168","NT_50",1.2947,2.8526,1.0011,0.57903,0.12684,0.79786
"1169","NT_41",1.3946,1.465,7.5065,0.52266,0.85212,-0.089556
"1170","STAT1",0.81104,0.43019,1.5024,0.10713,0.16008,-0.12273
"1171","HLA-A",0.1291,0.69159,1.4822,0.51774,0.22149,0.55251
"1172","NE_55",1.2832,0.23999,3.1239,0.95818,1.2288,1.3563
"1173","NT_42",1.4019,-0.46527,-1.077,0.12032,-0.22065,-0.20818
"1174","MYLK",1.492,0.78095,1.9584,0.34196,0.14379,0.74879
"1175","NT_59",1.3591,0.97172,2.032,0.29355,0.54642,0.21945
"1176","NT_73",1.2744,2.8282,3.3417,2.0145,0.26719,-0.05028
"1177","NT_96",1.3389,0.32634,-1.2958,0.3682,0.20903,0.52004
"1178","CLEC2B",1.0097,-0.031556,2.2764,-0.46853,0.062007,-0.20541
"1179","ZAP70",2.5287,2.29,2.5828,0.34479,-0.0032777,-0.026427
"1180","ITIH1",0.45072,-0.95679,0.53804,0.18183,0.018776,-0.3335
"1181","IGFBP6",0.22995,1.5961,2.3802,-0.60467,0.47223,-0.21281
"1182","TM9SF1",0.35379,-0.9221,-0.68943,0.27621,0.14125,0.18702
"1183","CSK",0.83523,0.84669,1.2112,0.048298,-0.040699,-0.45336
"1184","CEBPZ",0.50603,0.98565,1.8051,-0.45063,0.50018,-0.16582
"1185","NT_79",1.3939,1.1554,0.14454,0.61905,0.6582,0.74055
"1186","FAM160B2",1.1324,1.8206,3.8297,-0.14898,0.066052,-0.23706
"1187","NT_77",1.4538,1.6144,3.401,-0.21112,-0.46192,-0.13673
"1188","SPPL2A",0.051604,0.63612,-2.3556,0.12208,-0.27828,0.45699
"1189","GLA",0.39565,0.26244,3.3481,0.19158,0.45885,-0.39112
"1190","ACP5",0.66158,0.45279,1.9859,-0.036324,0.39914,-0.41394
"1191","AMELX",0.97841,0.67598,-0.26572,0.18353,0.25002,0.36545
"1192","STX4",1.4049,2.2998,2.7904,-0.39759,-0.28313,-0.13698
"1193","SUSD1",0.66162,0.2104,1.9008,-0.73453,-0.43162,-0.51809
"1194","MAPK13",1.0098,0.71174,0.97124,-0.51393,0.063006,-0.40928
"1195","IL6ST",1.1849,0.066848,1.3984,-0.15229,0.37393,0.16787
"1196","CCR7",0.51103,0.44783,1.2793,0.68064,0.39126,1.3442
"1197","PTPRT",0.74338,0.54998,0.65532,0.31842,0.53757,0.053009
"1198","TLR2",0.78967,0.081009,-0.20918,0.044138,-0.073837,0.32551
"1199","NT_64",1.4912,3.4506,4.9624,-0.082801,0.035133,1.1495
"1200","SSR2",0.4764,1.1024,2.8832,-0.015463,0.32486,-0.17555
"1201","PSMC6",1.7626,2.3458,2.0479,-0.45372,-0.25469,-0.12944
"1202","NT_52",1.5142,1.2675,1.0808,0.33282,0.27012,0.28686
"1203","PBXIP1",1.3367,1.3441,3.4511,0.11705,0.0023474,0.12831
"1204","DENND1B",1.718,2.2013,3.1409,0.1262,0.0086476,-0.073687
"1205","NE_34",1.585,0.91606,0.11282,0.48642,1.1828,-0.12931
"1206","NLGN2",0.19168,0.50448,0.49272,-0.33848,-0.080654,-0.0035702
"1207","LGALS3BP",0.3116,-0.10736,0.30198,-0.16019,-0.15942,-0.083854
"1208","NE_41",1.5329,0.7954,2.9904,-0.15493,-0.41647,-0.11012
"1209","NT_31",1.602,0.73432,2.8214,0.40085,0.12787,0.6905
"1210","NACA",0.12383,-0.37834,-0.63799,0.31596,0.29183,-0.55047
"1211","PPP3CB",1.0049,1.1242,3.2329,0.47967,0.29231,-0.41437
"1212","BTRC",1.3645,0.91976,4.7147,0.24234,0.0015323,0.50395
"1213","RC3H2",0.70533,1.4663,4.3001,-0.027902,0.053501,0.23884
"1214","ACKR3",1.1055,1.2284,1.9102,0.107,0.43454,0.32643
"1215","PLAT",0.60153,1.4349,2.4263,-0.49578,-0.61976,-0.80746
"1216","GSR",0.96016,0.43955,-0.40601,0.39899,0.05064,0.010462
"1217","GGT5",1.2515,0.53972,-1.8779,0.31462,0.23158,-0.083535
"1218","NT_70",1.6074,1.931,0.72089,-0.37891,-0.88705,-0.77596
"1219","CADM1",0.61224,-0.25428,0.55983,0.44699,0.45382,0.023204
"1220","NT_39",1.6947,1.6446,0.020938,0.00020637,0.50317,0.41633
"1221","TGFA",1.469,1.7533,2.2826,-0.011824,-0.27382,0.5416
"1222","HLA-DMB",1.3397,1.7086,2.5217,0.19048,0.10753,-0.15852
"1223","FCRL6",0.84113,0.32671,3.5992,0.23166,-0.025459,-0.15031
"1224","NT_34",1.6793,1.1845,0.79128,0.29916,0.19478,1.0305
"1225","NT_100",1.6777,3.9899,4.0818,0.57351,-0.038728,0.46484
"1226","CELF3",0.36355,0.094957,-0.44493,-0.08269,-0.19243,0.2096
"1227","TNN",0.7762,-1.305,-0.58102,0.20088,0.23882,0.025269
"1228","NPDC1",1.0086,0.15902,-1.2298,-0.60541,-0.10864,-0.42115
"1229","ADGRA3",0.76941,0.031596,3.0173,0.099442,-0.10046,0.19613
"1230","ADIPOQ",0.78058,0.025186,-1.2721,0.15335,0.25929,0.34004
"1231","IL12RB1",0.65671,0.66625,-0.44309,-0.43533,-0.39613,-0.028736
"1232","GNPTG",0.49232,1.1962,3.9023,0.044374,0.0062701,-0.015146
"1233","NF2",0.6141,0.75161,-0.83095,0.17224,-0.23354,0.35717
"1234","FRMD4A",0.76724,1.4609,2.2786,0.1298,-0.090953,-0.27779
"1235","IL18",0.18872,0.57978,0.87445,0.64285,0.1454,0.29573
"1236","GZMK",1.1508,0.48078,-0.2508,-0.029061,-0.32346,0.2532
"1237","GOT2",0.39997,1.0707,-0.82975,0.12133,0.45258,0.26456
"1238","NE_39",1.8583,1.0792,3.9258,-0.50287,0.53524,0.11962
"1239","TMEM8B",0.8631,0.25482,1.8743,0.27922,0.55883,0.40257
"1240","NE_46",1.7155,-0.30283,-0.55069,1.556,1.0683,1.6796
"1241","RCSD1",0.99114,1.2047,0.17786,0.70637,-0.070952,-0.34942
"1242","NT_75",1.7299,0.4122,3.2674,1.1169,0.76523,0.29669
"1243","NE_43",1.7593,1.4921,2.1122,-0.64762,-0.6477,1.9276
"1244","TMEM154",0.3691,1.197,2.4837,-0.076696,0.061338,-0.51901
"1245","OSBPL10",0.70005,-0.017078,0.67237,0.16218,0.45579,-0.35222
"1246","IL2RB",1.358,1.2009,2.5053,0.39246,0.42737,-0.18269
"1247","NE_47",1.7667,1.8405,2.5775,0.1083,-0.9756,-1.0512
"1248","IL3RA",0.40227,0.037016,2.7987,0.48995,0.31585,0.46898
"1249","UBC",1.5568,1.9147,4.3295,-0.22433,-0.089156,0.37527
"1250","SLAMF1",1.0866,0.097018,1.2747,-0.029574,0.20274,-0.26439
"1251","FCRLA",1.1733,1.1194,-1.3092,-0.18195,-0.27006,0.2943
"1252","PAK1",0.65565,1.5094,2.2356,0.066433,-0.34777,0.76355
"1253","MDM2",0.90772,0.86126,2.7181,-0.16412,-0.57868,0.081595
"1254","CCR4",0.45338,0.72683,2.3412,0.24678,0.034449,0.43219
"1255","DCLRE1C",0.92401,1.2881,1.4733,-0.24093,-0.15567,-0.084394
"1256","NT_45",1.8149,2.4459,1.4231,0.19244,0.28848,0.016549
"1257","RAMP1",0.95316,0.44813,1.3462,0.28636,-0.23067,0.15866
"1258","R3HDM1",1.3344,0.97206,1.8096,0.14522,0.23257,0.16309
"1259","PTPRC",0.46732,-0.071965,0.53321,0.34538,-0.046137,0.63717
"1260","SLC30A9",0.49422,0.52814,2.2308,-0.53992,-0.5722,-0.43891
"1261","MBOAT7",0.99862,2.6383,-0.67641,0.094509,-0.0092181,-0.083788
"1262","ADA",0.71379,-0.48531,-2.6813,0.40808,-0.38334,0.035514
"1263","MYH9",0.45878,0.69116,1.0222,-0.23066,0.083117,-0.46327
"1264","ACKR4",1.2758,1.6585,2.9909,-0.020232,0.22154,0.073249
"1265","IFNGR1",1.192,0.52655,3.3646,0.74996,0.52214,-0.02431
"1266","RELA",0.9729,0.61058,-2.3783,0.18843,-0.04591,-0.15745
"1267","ABCA1",0.54677,1.3339,0.096318,0.037723,-0.19135,-0.55239
"1268","TAS2R16",1.7031,1.8509,2.1177,0.45055,0.34451,0.46154
"1269","TPP2",0.89728,0.48025,-0.87747,0.71925,0.61465,0.82092
"1270","NE_79",1.8539,1.8691,2.9193,-0.98152,-1.191,0.12748
"1271","NLGN4Y",0.9556,1.4864,0.35165,-0.1833,0.46805,0.23881
"1272","NE_35",1.9252,0.39946,4.5203,-0.026098,0.41633,-0.2991
"1273","RAP1GAP2",0.23754,0.2796,0.011327,0.20509,-0.35838,0.84774
"1274","ST3GAL1",0.35334,0.22832,2.2203,0.55668,0.44326,0.57775
"1275","HNRNPU",0.399,0.34171,1.4081,-0.026343,0.012216,-0.36973
"1276","NE_72",1.9956,2.7297,1.8762,0.30767,-0.3168,-0.21422
"1277","KIAA0226L",0.79281,-0.78066,-0.68876,0.25786,-0.4168,0.36758
"1278","SOCS2",1.0249,2.628,0.92733,0.32098,-0.013181,0.39572
"1279","P2RY12",0.47783,1.3952,0.21376,-0.030647,0.31748,0.32405
"1280","NE_60",2.0626,0.4727,-0.82429,-0.32327,-0.61627,-0.27107
"1281","ARHGEF9",1.0437,1.2452,2.1329,-0.18062,0.28888,0.13777
"1282","APOH",0.93223,0.99996,0.717,0.27398,0.10558,0.55172
"1283","NE_38",2.068,2.2191,1.6465,-0.67722,0.32277,-0.20691
"1284","PPFIA2",0.6965,-0.20085,0.075763,0.37084,0.68241,0.60252
"1285","NT_84",2.1767,2.3667,4.5437,0.5609,0.07342,0.0073522
"1286","PACS1",0.83341,-0.90841,-0.15254,-0.22654,-0.13537,0.065859
"1287","PKD1L3",0.31122,0.53209,2.4691,0.16933,0.25302,0.25086
"1288","B4GALT1",1.4774,2.0204,-0.43419,0.24171,0.34192,0.17314
"1289","TRPM8",0.60661,0.664,2.0507,-0.30361,0.055928,-0.34565
"1290","BTN2A1",0.93198,0.10613,0.26931,-0.0023293,0.13452,-0.61084
"1291","FZD3",0.92175,1.0835,1.2049,0.52786,-0.17749,0.18572
"1292","CCR10",0.35263,0.31898,0.96802,-0.1653,-0.14529,0.26228
"1293","ICOS",0.87203,1.8183,1.6286,0.076265,0.1424,0.066621
"1294","CTSD",0.72104,0.71421,1.1636,-0.10447,-0.48276,-0.059875
"1295","GZMM",0.59702,1.5593,1.0273,-0.079081,-0.16648,0.33967
"1296","IGLL5",1.2422,0.38464,-0.34177,0.16836,-0.10089,-0.46268
"1297","TNFRSF4",1.1051,0.57242,1.3891,-0.0054878,-0.018415,-0.086883
"1298","GTF2B",0.90827,-0.15611,-0.46377,0.6578,-0.025147,0.099096
"1299","WASF1",1.6771,1.8869,2.5497,-0.1405,0.37309,0.33689
"1300","NE_58",2.3063,2.6508,3.2091,-0.72013,-0.0018228,0.81735
"1301","BTD",1.3195,1.8076,2.3812,0.15576,-0.032745,0.58437
"1302","CXCL10",1.4284,0.47471,3.5589,-0.26413,0.064653,-0.13473
"1303","CNTFR",0.35935,0.89342,1.9985,-0.27483,-0.14027,-0.094257
"1304","BMPR2",1.4057,2.2403,2.8578,0.19417,-0.15996,0.17472
"1305","ULBP2",0.41412,-0.27864,-1.091,-0.75128,-1.3202,-0.1523
"1306","CD109",0.99197,0.987,2.9427,0.45756,-0.042121,0.18528
"1307","NT_32",2.3821,1.5165,2.6186,1.1602,-0.5342,0.87339
"1308","FERMT2",1.8388,1.7927,2.8752,0.27032,0.23351,0.40711
"1309","CST8",0.88803,0.83264,0.89226,0.47761,0.48714,-0.45362
"1310","CLNK",0.45732,-0.11166,-0.38169,0.082019,0.16075,0.47206
"1311","GFRA1",0.67634,0.54889,2.1944,-0.27108,-0.1695,0.17623
"1312","FNIP2",0.67066,-0.99547,-0.93473,-0.4953,-0.084732,-0.24299
"1313","RNF31",0.42699,1.3666,2.7981,-0.65417,0.019766,-0.41199
"1314","ATP6V0A2",0.48468,0.40943,1.3655,0.67323,0.42405,0.86987
"1315","TPP1",0.83445,0.046163,1.9564,-0.60838,-0.064284,-0.6907
"1316","TGFBI",0.37846,0.46185,-0.89372,-0.33565,-0.39476,-0.021571
"1317","IL6R",0.72542,0.68493,2.8369,0.11968,0.099012,0.42686
"1318","ARVCF",1.0558,1.4295,1.1013,-0.2674,0.16504,0.21558
"1319","PTPN2",1.6348,1.6581,1.2827,0.32971,-0.061826,0.21809
"1320","ITGB2",1.661,1.1063,2.1193,-0.3363,-0.17794,-0.054906
"1321","HLA-DQB2",1.5368,1.0008,2.9737,0.23802,0.2999,0.0032054
"1322","COLGALT1",0.66583,-0.0006681,1.2102,-0.23873,-0.067098,-0.65991
"1323","DEFB105A",1.1782,1.5179,0.65722,0.40969,0.56605,0.4197
"1324","MAN2A1",0.39722,0.052779,1.2119,0.34629,0.41245,0.039368
"1325","SERPINH1",1.6075,0.96439,-0.0060391,0.48454,0.51298,0.6918
"1326","PTCH1",0.93053,1.8505,2.5307,0.30863,-0.20376,0.099339
"1327","HLA-DQA1",1.0608,1.7554,2.5179,0.49634,0.54207,0.22956
"1328","TMED9",0.51758,1.0343,-2.076,-0.71979,-0.28166,-0.096371
"1329","TFRC",0.60682,2.1001,1.0669,0.02096,-0.34905,-0.12841
"1330","TYMS",1.1583,0.25829,1.9666,0.1055,-0.65963,0.77321
"1331","KLRG1",0.68126,-0.012771,3.143,0.4291,-0.21064,0.36696
"1332","CACNA1F",0.74864,2.1393,2.2979,0.44463,0.8161,0.50151
"1333","NE_100",2.5953,2.5948,5.2007,-0.13434,-0.19698,0.54565
"1334","MSLN",0.86071,1.6163,1.4916,-0.17599,-0.66521,0.43603
"1335","CD46",1.0728,0.73981,0.6963,0.066924,-0.16519,-0.25479
"1336","P2RY8",1.6675,1.5681,2.6479,0.25158,0.044803,-0.14831
"1337","NT_51",2.9234,3.9731,2.0829,0.83013,0.20903,-0.25856
"1338","VAV2",0.86232,1.7423,2.729,0.13909,0.14261,0.39963
"1339","TMEM248",2.5806,1.5614,2.0676,-0.50275,0.38683,-0.72494
"1340","ABCF1",1.1151,0.86986,2.0048,-0.48555,-0.17509,-0.6018
"1341","THY1",1.1284,0.70584,-1.454,0.087323,-0.32715,0.12028
"1342","TPBG",1.2791,1.5801,2.9795,-0.14488,-0.051571,-0.5442
"1343","NT_54",3.2423,3.2437,5.345,-1.2325,-0.62948,-0.43846
"1344","CAPN2",1.3352,1.805,1.9288,0.15617,0.21175,-0.2899
"1345","PRLR",1.0772,0.82908,0.74828,0.2834,0.14807,-0.20728
"1346","UGCG",1.2501,0.71743,4.1545,0.45114,0.22136,0.5897
"1347","WNT7A",1.111,1.2934,1.5903,0.34446,0.1802,0.055804
"1348","HLA-DRB1",1.4693,2.1087,2.9737,0.26982,0.37822,-0.038421
"1349","ZNF681",1.2138,1.61,1.9828,-0.19105,0.86019,-0.24118
"1350","ANGPTL3",1.9623,1.4536,1.5276,0.28938,0.80787,-0.22143
"1351","TM2D1",1.2299,2.0622,1.6201,-0.19524,-0.33159,0.27061
"1352","IFNG",1.9157,1.7307,2.463,0.22857,0.12095,-0.32586
"1353","ITGA7",2.3978,2.2463,3.5286,-0.50404,-0.74302,-0.36833
"1354","ABCG1",1.8301,1.2011,3.5213,-0.2138,-0.12618,0.22552
